CampaignID,CampaignName,Channel,StartDate,EndDate,TargetAudience,Impressions,Clicks,CTRPct,CPC,Spend,Conversions,ConversionRatePct,Revenue,ROAS,CostPerConversion
MKT-7000,Flash Sale 2023,TikTok Ads,2023-01-01,2023-01-14,18-24,492724,15954,3.24,3.73,59508.42,476,2.98,79434.88,1.33,125.02
MKT-7001,Brand Awareness 2023,LinkedIn Ads,2023-01-02,2023-02-06,45-54,225773,7381,3.27,1.94,14319.14,518,7.02,51193.94,3.58,27.64
MKT-7002,Summer Launch 2023,Facebook Ads,2023-01-02,2023-01-11,55+,400350,9168,2.29,1.87,17144.16,115,1.26,3515.55,0.21,149.08
MKT-7003,New Product Drop 2023,TikTok Ads,2023-01-03,2023-02-05,55+,35175,387,1.1,4.1,1586.7,14,3.71,1570.8,0.99,113.34
MKT-7004,Spring Sale 2023,Instagram Ads,2023-01-03,2023-01-17,All Ages,359224,13124,3.65,1.63,21392.12,506,3.86,59338.62,2.77,42.28
MKT-7005,Brand Awareness 2023,TikTok Ads,2023-01-03,2023-01-13,25-34,496151,5616,1.13,1.18,6626.88,119,2.12,9010.68,1.36,55.69
MKT-7006,Brand Awareness 2023,LinkedIn Ads,2023-01-04,2023-01-25,35-44,66796,2565,3.84,1.05,2693.25,158,6.2,24109.22,8.95,17.05
MKT-7007,Lead Gen Sprint 2023,Instagram Ads,2023-01-05,2023-01-26,All Ages,422602,13385,3.17,3.47,46445.95,956,7.15,190349.16,4.1,48.58
MKT-7008,Brand Awareness 2023,Facebook Ads,2023-01-06,2023-02-02,45-54,294333,9053,3.08,0.71,6427.63,554,6.13,30132.06,4.69,11.6
MKT-7009,Brand Awareness 2023,LinkedIn Ads,2023-01-06,2023-01-23,55+,333076,6716,2.02,3.96,26595.36,180,2.69,37859.4,1.42,147.75
MKT-7010,Holiday Promo 2023,Facebook Ads,2023-01-06,2023-02-11,35-44,285506,11527,4.04,0.98,11296.46,746,6.48,48683.96,4.31,15.14
MKT-7011,Retargeting Push 2023,LinkedIn Ads,2023-01-07,2023-01-26,25-34,15342,97,0.64,3.96,384.12,8,8.26,1684.24,4.38,48.02
MKT-7012,Retargeting Push 2023,Instagram Ads,2023-01-08,2023-02-09,18-24,367595,15517,4.22,3.75,58188.75,892,5.75,151238.6,2.6,65.23
MKT-7013,New Product Drop 2023,Google Ads,2023-01-08,2023-01-22,25-34,97522,1564,1.6,3.16,4942.24,77,4.92,15710.31,3.18,64.18
MKT-7014,Lead Gen Sprint 2023,Facebook Ads,2023-01-08,2023-02-14,35-44,311511,10172,3.27,0.37,3763.64,881,8.66,57423.58,15.26,4.27
MKT-7015,Spring Sale 2023,Google Ads,2023-01-08,2023-01-21,55+,85731,892,1.04,1.6,1427.2,28,3.17,1429.4,1.0,50.97
MKT-7016,Year-End Clearance 2023,Facebook Ads,2023-01-10,2023-02-19,All Ages,398103,10517,2.64,2.82,29657.94,833,7.93,112455.0,3.79,35.6
MKT-7017,Spring Sale 2023,Facebook Ads,2023-01-11,2023-01-30,45-54,98632,1620,1.64,3.55,5751.0,72,4.46,10870.56,1.89,79.88
MKT-7018,Spring Sale 2023,Google Ads,2023-01-11,2023-01-25,35-44,46019,1748,3.8,1.01,1765.48,23,1.36,5031.94,2.85,76.76
MKT-7019,New Product Drop 2023,TikTok Ads,2023-01-11,2023-01-20,55+,80130,2067,2.58,2.38,4919.46,95,4.63,2394.95,0.49,51.78
MKT-7020,Retargeting Push 2023,Google Ads,2023-01-12,2023-02-24,25-34,453577,4666,1.03,3.38,15771.08,156,3.35,31724.16,2.01,101.1
MKT-7021,Lead Gen Sprint 2023,TikTok Ads,2023-01-13,2023-01-20,35-44,301627,13208,4.38,2.66,35133.28,704,5.33,154197.12,4.39,49.91
MKT-7022,Summer Launch 2023,LinkedIn Ads,2023-01-13,2023-02-15,25-34,211901,2275,1.07,0.57,1296.75,38,1.68,2683.18,2.07,34.12
MKT-7023,Brand Awareness 2023,Facebook Ads,2023-01-13,2023-02-07,35-44,381063,7404,1.94,1.03,7626.12,474,6.41,60354.42,7.91,16.09
MKT-7024,Flash Sale 2023,Facebook Ads,2023-01-16,2023-01-25,18-24,145664,5178,3.56,0.59,3055.02,460,8.89,44091.0,14.43,6.64
MKT-7025,Summer Launch 2023,Google Ads,2023-01-17,2023-01-29,18-24,413840,3372,0.82,0.98,3304.56,120,3.56,24405.6,7.39,27.54
MKT-7026,Summer Launch 2023,Google Ads,2023-01-17,2023-03-02,All Ages,156356,4595,2.94,2.31,10614.45,181,3.96,34880.51,3.29,58.64
MKT-7027,Flash Sale 2023,Google Ads,2023-01-18,2023-02-25,55+,44011,1405,3.19,0.99,1390.95,124,8.86,3490.6,2.51,11.22
MKT-7028,Holiday Promo 2023,TikTok Ads,2023-01-19,2023-01-26,All Ages,401158,17655,4.4,3.05,53847.75,1518,8.6,268048.44,4.98,35.47
MKT-7029,Retargeting Push 2023,Google Ads,2023-01-20,2023-01-31,55+,164929,3138,1.9,1.82,5711.16,162,5.19,23075.28,4.04,35.25
MKT-7030,Brand Awareness 2023,LinkedIn Ads,2023-01-21,2023-02-24,18-24,334899,4140,1.24,2.03,8404.2,108,2.62,20667.96,2.46,77.82
MKT-7031,Year-End Clearance 2023,Google Ads,2023-01-22,2023-02-06,25-34,195522,3930,2.01,1.05,4126.5,127,3.24,10928.35,2.65,32.49
MKT-7032,Flash Sale 2023,Facebook Ads,2023-01-24,2023-02-05,18-24,195816,6951,3.55,2.44,16960.44,298,4.29,64913.34,3.83,56.91
MKT-7033,Year-End Clearance 2023,LinkedIn Ads,2023-01-24,2023-03-02,55+,174207,1749,1.0,2.85,4984.65,149,8.57,14460.45,2.9,33.45
MKT-7034,New Product Drop 2023,Facebook Ads,2023-01-24,2023-02-14,45-54,324170,12473,3.85,2.17,27066.41,412,3.31,48863.2,1.81,65.7
MKT-7035,Brand Awareness 2023,Google Ads,2023-01-25,2023-02-20,55+,184252,5535,3.0,3.35,18542.25,59,1.07,8979.8,0.48,314.28
MKT-7036,New Product Drop 2023,LinkedIn Ads,2023-01-25,2023-02-09,All Ages,7254,203,2.81,1.4,284.2,12,6.14,1872.36,6.59,23.68
MKT-7037,Year-End Clearance 2023,Facebook Ads,2023-01-26,2023-02-16,45-54,211411,6571,3.11,3.37,22144.27,504,7.68,21102.48,0.95,43.94
MKT-7038,Flash Sale 2023,TikTok Ads,2023-01-26,2023-02-18,All Ages,385694,4669,1.21,2.62,12232.78,354,7.6,21912.6,1.79,34.56
MKT-7039,Holiday Promo 2023,Facebook Ads,2023-01-26,2023-03-07,25-34,433961,7778,1.79,0.71,5522.38,413,5.31,56168.0,10.17,13.37
MKT-7040,Retargeting Push 2023,Instagram Ads,2023-01-26,2023-03-08,35-44,129238,5734,4.44,2.42,13876.28,400,6.99,74560.0,5.37,34.69
MKT-7041,Holiday Promo 2023,LinkedIn Ads,2023-01-27,2023-03-05,55+,428055,13955,3.26,2.66,37120.3,1029,7.38,124169.43,3.35,36.07
MKT-7042,Brand Awareness 2023,LinkedIn Ads,2023-01-27,2023-03-12,All Ages,182961,1544,0.84,1.98,3057.12,45,2.96,8323.2,2.72,67.94
MKT-7043,Back to School 2023,Instagram Ads,2023-01-28,2023-02-16,55+,397015,9732,2.45,1.77,17225.64,354,3.65,55131.96,3.2,48.66
MKT-7044,New Product Drop 2023,LinkedIn Ads,2023-01-30,2023-03-14,55+,486229,9628,1.98,2.17,20892.76,847,8.8,120299.41,5.76,24.67
MKT-7045,Holiday Promo 2023,Facebook Ads,2023-01-31,2023-03-17,All Ages,284877,4131,1.45,1.38,5700.78,51,1.26,6679.47,1.17,111.78
MKT-7046,Brand Awareness 2023,Google Ads,2023-02-01,2023-02-14,25-34,499088,11002,2.2,1.57,17273.14,447,4.07,95054.55,5.5,38.64
MKT-7047,Lead Gen Sprint 2023,Facebook Ads,2023-02-01,2023-03-05,25-34,426239,7643,1.79,4.13,31565.59,249,3.27,33074.67,1.05,126.77
MKT-7048,Retargeting Push 2023,TikTok Ads,2023-02-02,2023-02-22,18-24,134153,4302,3.21,1.13,4861.26,381,8.86,63089.79,12.98,12.76
MKT-7049,Holiday Promo 2023,LinkedIn Ads,2023-02-03,2023-02-23,25-34,356017,15166,4.26,3.44,52171.04,585,3.86,86264.1,1.65,89.18
MKT-7050,Flash Sale 2023,Facebook Ads,2023-02-04,2023-02-27,45-54,340200,14628,4.3,3.34,48857.52,714,4.88,116910.36,2.39,68.43
MKT-7051,Brand Awareness 2023,TikTok Ads,2023-02-09,2023-03-13,25-34,187050,3354,1.79,3.06,10263.24,53,1.6,8446.08,0.82,193.65
MKT-7052,Brand Awareness 2023,Facebook Ads,2023-02-09,2023-03-02,25-34,428541,18164,4.24,0.76,13804.64,1449,7.98,43774.29,3.17,9.53
MKT-7053,Flash Sale 2023,Facebook Ads,2023-02-10,2023-02-24,35-44,166578,2276,1.37,3.85,8762.6,203,8.94,19260.64,2.2,43.17
MKT-7054,Back to School 2023,TikTok Ads,2023-02-11,2023-03-17,25-34,428459,15765,3.68,2.24,35313.6,1253,7.95,108459.68,3.07,28.18
MKT-7055,Brand Awareness 2023,Facebook Ads,2023-02-11,2023-03-13,55+,26730,570,2.14,1.08,615.6,27,4.86,1121.04,1.82,22.8
MKT-7056,New Product Drop 2023,Instagram Ads,2023-02-12,2023-03-20,55+,232784,9271,3.98,1.85,17151.35,292,3.15,24910.52,1.45,58.74
MKT-7057,Flash Sale 2023,Instagram Ads,2023-02-12,2023-03-17,45-54,414463,6843,1.65,3.49,23882.07,277,4.05,14406.77,0.6,86.22
MKT-7058,Brand Awareness 2023,TikTok Ads,2023-02-14,2023-03-24,55+,437224,12445,2.85,0.54,6720.3,390,3.14,28633.8,4.26,17.23
MKT-7059,Spring Sale 2023,Instagram Ads,2023-02-14,2023-03-28,25-34,111860,2658,2.38,0.69,1834.02,38,1.46,6159.8,3.36,48.26
MKT-7060,Brand Awareness 2023,Facebook Ads,2023-02-14,2023-03-11,45-54,376083,10442,2.78,3.06,31952.52,510,4.89,66682.5,2.09,62.65
MKT-7061,Year-End Clearance 2023,LinkedIn Ads,2023-02-15,2023-03-08,25-34,413716,13559,3.28,1.86,25219.74,994,7.34,199525.62,7.91,25.37
MKT-7062,Brand Awareness 2023,Instagram Ads,2023-02-16,2023-03-02,All Ages,198498,6777,3.41,1.84,12469.68,530,7.83,57377.8,4.6,23.53
MKT-7063,Retargeting Push 2023,Facebook Ads,2023-02-17,2023-03-14,35-44,149641,5737,3.83,2.79,16006.23,62,1.08,10587.74,0.66,258.17
MKT-7064,Summer Launch 2023,Facebook Ads,2023-02-19,2023-03-25,18-24,143280,6319,4.41,0.76,4802.44,247,3.92,35471.67,7.39,19.44
MKT-7065,Year-End Clearance 2023,Google Ads,2023-02-19,2023-03-26,All Ages,391751,14272,3.64,2.97,42387.84,608,4.26,87485.12,2.06,69.72
MKT-7066,Holiday Promo 2023,Instagram Ads,2023-02-19,2023-03-20,25-34,298929,3101,1.04,4.12,12776.12,173,5.59,28017.35,2.19,73.85
MKT-7067,Brand Awareness 2023,TikTok Ads,2023-02-21,2023-03-15,25-34,465521,5192,1.12,1.82,9449.44,148,2.86,29639.96,3.14,63.85
MKT-7068,Summer Launch 2023,Instagram Ads,2023-02-21,2023-03-12,45-54,108934,4253,3.9,1.65,7017.45,319,7.51,24604.47,3.51,22.0
MKT-7069,Retargeting Push 2023,Google Ads,2023-02-21,2023-04-07,55+,464820,18612,4.0,0.47,8747.64,903,4.85,168409.5,19.25,9.69
MKT-7070,Back to School 2023,Google Ads,2023-02-22,2023-03-23,35-44,380242,7059,1.86,2.39,16871.01,450,6.38,20124.0,1.19,37.49
MKT-7071,Summer Launch 2023,Facebook Ads,2023-02-23,2023-03-07,45-54,230046,8217,3.57,2.52,20706.84,212,2.58,31581.64,1.53,97.67
MKT-7072,Back to School 2023,Instagram Ads,2023-02-23,2023-03-13,55+,344067,7576,2.2,3.38,25606.88,549,7.25,16662.15,0.65,46.64
MKT-7073,Holiday Promo 2023,TikTok Ads,2023-02-23,2023-03-19,18-24,482069,12141,2.52,0.68,8255.88,463,3.82,34169.4,4.14,17.83
MKT-7074,Lead Gen Sprint 2023,Google Ads,2023-02-23,2023-03-19,25-34,464812,12139,2.61,3.99,48434.61,443,3.65,30026.54,0.62,109.33
MKT-7075,Brand Awareness 2023,TikTok Ads,2023-02-24,2023-03-11,25-34,167162,1774,1.06,3.51,6226.74,54,3.05,10928.52,1.76,115.31
MKT-7076,Brand Awareness 2023,Instagram Ads,2023-02-24,2023-04-10,55+,12863,505,3.93,0.58,292.9,45,8.95,2934.9,10.02,6.51
MKT-7077,Brand Awareness 2023,Instagram Ads,2023-02-24,2023-03-27,55+,492171,19162,3.89,2.28,43689.36,323,1.69,8317.25,0.19,135.26
MKT-7078,Brand Awareness 2023,TikTok Ads,2023-02-25,2023-03-16,55+,194514,7655,3.94,4.1,31385.5,104,1.36,7734.48,0.25,301.78
MKT-7079,New Product Drop 2023,LinkedIn Ads,2023-02-25,2023-04-07,25-34,413678,3116,0.75,0.53,1651.48,197,6.35,17791.07,10.77,8.38
MKT-7080,New Product Drop 2023,LinkedIn Ads,2023-02-26,2023-03-10,35-44,427683,8552,2.0,2.59,22149.68,373,4.37,38504.79,1.74,59.38
MKT-7081,Flash Sale 2023,TikTok Ads,2023-02-27,2023-03-18,18-24,481192,17975,3.74,2.18,39185.5,1147,6.38,165925.02,4.23,34.16
MKT-7082,Spring Sale 2023,Instagram Ads,2023-02-28,2023-04-01,45-54,243042,5294,2.18,0.82,4341.08,68,1.29,13158.0,3.03,63.84
MKT-7083,Retargeting Push 2023,Instagram Ads,2023-03-01,2023-03-28,18-24,85989,3762,4.38,4.18,15725.16,103,2.74,4129.27,0.26,152.67
MKT-7084,Holiday Promo 2023,Google Ads,2023-03-02,2023-04-05,18-24,472700,18914,4.0,1.49,28181.86,1653,8.74,83608.74,2.97,17.05
MKT-7085,Holiday Promo 2023,Facebook Ads,2023-03-02,2023-03-15,18-24,296756,3551,1.2,3.79,13458.29,206,5.81,18472.02,1.37,65.33
MKT-7086,Summer Launch 2023,Instagram Ads,2023-03-02,2023-03-14,55+,171563,890,0.52,1.45,1290.5,58,6.56,3703.88,2.87,22.25
MKT-7087,New Product Drop 2023,Instagram Ads,2023-03-04,2023-03-19,45-54,116893,1161,0.99,1.32,1532.52,54,4.71,5161.86,3.37,28.38
MKT-7088,Holiday Promo 2023,Facebook Ads,2023-03-04,2023-03-22,45-54,480816,21233,4.42,2.53,53719.49,1838,8.66,66076.1,1.23,29.23
MKT-7089,Spring Sale 2023,Google Ads,2023-03-05,2023-04-14,18-24,338124,9070,2.68,2.11,19137.7,573,6.32,113769.15,5.94,33.4
MKT-7090,New Product Drop 2023,Google Ads,2023-03-09,2023-04-04,25-34,474231,18201,3.84,4.12,74988.12,1067,5.86,48719.22,0.65,70.28
MKT-7091,Year-End Clearance 2023,TikTok Ads,2023-03-11,2023-03-31,55+,291417,11595,3.98,2.29,26552.55,416,3.59,50506.56,1.9,63.83
MKT-7092,New Product Drop 2023,Google Ads,2023-03-12,2023-03-26,18-24,125747,5075,4.04,2.23,11317.25,72,1.43,11216.16,0.99,157.18
MKT-7093,Retargeting Push 2023,TikTok Ads,2023-03-13,2023-03-27,All Ages,491999,4918,1.0,0.83,4081.94,322,6.56,13334.02,3.27,12.68
MKT-7094,Lead Gen Sprint 2023,Instagram Ads,2023-03-13,2023-04-10,All Ages,259052,9102,3.51,3.22,29308.44,120,1.32,10720.8,0.37,244.24
MKT-7095,New Product Drop 2023,TikTok Ads,2023-03-14,2023-04-03,35-44,39157,1571,4.01,3.84,6032.64,133,8.53,10459.12,1.73,45.36
MKT-7096,Summer Launch 2023,Facebook Ads,2023-03-14,2023-04-20,35-44,412696,3391,0.82,2.54,8613.14,273,8.06,27551.16,3.2,31.55
MKT-7097,Year-End Clearance 2023,Facebook Ads,2023-03-15,2023-04-09,18-24,135871,5189,3.82,1.47,7627.83,399,7.7,78148.14,10.25,19.12
MKT-7098,Spring Sale 2023,Google Ads,2023-03-15,2023-03-29,25-34,215890,7867,3.64,3.09,24309.03,613,7.8,121913.44,5.02,39.66
MKT-7099,Lead Gen Sprint 2023,Facebook Ads,2023-03-15,2023-04-15,45-54,411077,14164,3.45,3.91,55381.24,429,3.03,72676.89,1.31,129.09
MKT-7100,Back to School 2023,LinkedIn Ads,2023-03-16,2023-03-31,35-44,491405,10542,2.15,3.29,34683.18,156,1.49,12347.4,0.36,222.33
MKT-7101,Brand Awareness 2023,TikTok Ads,2023-03-17,2023-03-30,25-34,114256,2319,2.03,3.46,8023.74,186,8.03,39724.02,4.95,43.14
MKT-7102,Lead Gen Sprint 2023,TikTok Ads,2023-03-17,2023-04-15,45-54,88072,688,0.78,3.08,2119.04,17,2.59,465.46,0.22,124.65
MKT-7103,Summer Launch 2023,Instagram Ads,2023-03-19,2023-04-07,55+,297888,3067,1.03,1.25,3833.75,158,5.18,8509.88,2.22,24.26
MKT-7104,Retargeting Push 2023,Instagram Ads,2023-03-19,2023-04-07,18-24,178033,7252,4.07,3.01,21828.52,355,4.9,22265.6,1.02,61.49
MKT-7105,Year-End Clearance 2023,Facebook Ads,2023-03-20,2023-04-29,55+,191536,4181,2.18,1.31,5477.11,207,4.96,16218.45,2.96,26.46
MKT-7106,Spring Sale 2023,Instagram Ads,2023-03-21,2023-04-06,55+,51833,1594,3.08,0.43,685.42,128,8.05,22960.64,33.5,5.35
MKT-7107,Brand Awareness 2023,LinkedIn Ads,2023-03-22,2023-04-16,55+,235775,6130,2.6,2.32,14221.6,366,5.98,59991.06,4.22,38.86
MKT-7108,Retargeting Push 2023,TikTok Ads,2023-03-22,2023-05-03,45-54,368725,5522,1.5,3.95,21811.9,370,6.72,15177.4,0.7,58.95
MKT-7109,Lead Gen Sprint 2023,Instagram Ads,2023-03-23,2023-04-08,55+,252673,5848,2.31,2.13,12456.24,196,3.37,35021.28,2.81,63.55
MKT-7110,Brand Awareness 2023,TikTok Ads,2023-03-23,2023-04-01,45-54,446161,8235,1.85,2.14,17622.9,657,7.98,102400.02,5.81,26.82
MKT-7111,Brand Awareness 2023,LinkedIn Ads,2023-03-25,2023-04-13,35-44,244354,2364,0.97,2.91,6879.24,82,3.48,10765.78,1.56,83.89
MKT-7112,Spring Sale 2023,LinkedIn Ads,2023-03-25,2023-05-03,25-34,89890,754,0.84,2.59,1952.86,20,2.68,4203.0,2.15,97.64
MKT-7113,Brand Awareness 2023,Facebook Ads,2023-03-25,2023-05-03,35-44,331175,2216,0.67,2.37,5251.92,50,2.26,5629.0,1.07,105.04
MKT-7114,Retargeting Push 2023,LinkedIn Ads,2023-03-26,2023-04-21,25-34,72623,546,0.75,3.01,1643.46,42,7.84,2653.14,1.61,39.13
MKT-7115,Holiday Promo 2023,LinkedIn Ads,2023-03-26,2023-04-27,18-24,186512,8281,4.44,0.92,7618.52,664,8.03,90609.44,11.89,11.47
MKT-7116,Flash Sale 2023,LinkedIn Ads,2023-03-26,2023-05-02,45-54,175404,3583,2.04,0.6,2149.8,43,1.2,8822.74,4.1,50.0
MKT-7117,Flash Sale 2023,Instagram Ads,2023-03-26,2023-04-23,18-24,96214,2792,2.9,2.81,7845.52,120,4.31,25023.6,3.19,65.38
MKT-7118,Holiday Promo 2023,LinkedIn Ads,2023-03-27,2023-05-05,45-54,475973,5292,1.11,1.3,6879.6,200,3.8,43610.0,6.34,34.4
MKT-7119,Back to School 2023,Google Ads,2023-03-29,2023-04-13,35-44,278202,1433,0.52,4.12,5903.96,80,5.61,3538.4,0.6,73.8
MKT-7120,New Product Drop 2023,LinkedIn Ads,2023-03-29,2023-04-08,25-34,390911,16270,4.16,1.34,21801.8,788,4.85,124417.32,5.71,27.67
MKT-7121,Lead Gen Sprint 2023,LinkedIn Ads,2023-03-29,2023-04-12,25-34,216484,9470,4.37,3.22,30493.4,552,5.84,69579.6,2.28,55.24
MKT-7122,Holiday Promo 2023,TikTok Ads,2023-03-29,2023-05-05,18-24,9084,386,4.25,0.41,158.26,19,5.14,2660.76,16.81,8.33
MKT-7123,Brand Awareness 2023,LinkedIn Ads,2023-03-31,2023-04-07,All Ages,407718,5411,1.33,1.58,8549.38,459,8.5,32497.2,3.8,18.63
MKT-7124,Lead Gen Sprint 2023,TikTok Ads,2023-03-31,2023-04-15,All Ages,384490,15935,4.14,1.8,28683.0,929,5.83,125136.3,4.36,30.88
MKT-7125,Retargeting Push 2023,Instagram Ads,2023-04-01,2023-05-08,35-44,222912,4165,1.87,2.33,9704.45,51,1.24,5802.27,0.6,190.28
MKT-7126,Brand Awareness 2023,Instagram Ads,2023-04-01,2023-04-09,35-44,227571,8473,3.72,3.32,28130.36,545,6.43,70206.9,2.5,51.62
MKT-7127,Flash Sale 2023,Instagram Ads,2023-04-02,2023-04-14,18-24,389265,15508,3.98,4.19,64978.52,588,3.79,42912.24,0.66,110.51
MKT-7128,Summer Launch 2023,Google Ads,2023-04-02,2023-05-14,25-34,314952,3639,1.16,1.75,6368.25,103,2.84,5368.36,0.84,61.83
MKT-7129,Lead Gen Sprint 2023,Facebook Ads,2023-04-03,2023-04-16,55+,134721,1157,0.86,1.68,1943.76,31,2.69,3058.15,1.57,62.7
MKT-7130,Spring Sale 2023,TikTok Ads,2023-04-05,2023-04-17,18-24,328307,14401,4.39,0.31,4464.31,467,3.25,17914.12,4.01,9.56
MKT-7131,Retargeting Push 2023,LinkedIn Ads,2023-04-05,2023-05-02,35-44,51273,1136,2.22,4.11,4668.96,13,1.21,2104.18,0.45,359.15
MKT-7132,Year-End Clearance 2023,Facebook Ads,2023-04-05,2023-04-25,55+,250011,10778,4.31,3.13,33735.14,774,7.19,110503.98,3.28,43.59
MKT-7133,Flash Sale 2023,Facebook Ads,2023-04-08,2023-04-29,All Ages,87444,1304,1.49,0.48,625.92,99,7.63,2629.44,4.2,6.32
MKT-7134,Brand Awareness 2023,Instagram Ads,2023-04-08,2023-04-29,18-24,133661,4682,3.5,2.78,13015.96,90,1.93,7132.5,0.55,144.62
MKT-7135,Holiday Promo 2023,Instagram Ads,2023-04-09,2023-05-13,All Ages,478319,10757,2.25,1.59,17103.63,415,3.86,27514.5,1.61,41.21
MKT-7136,Lead Gen Sprint 2023,Google Ads,2023-04-09,2023-04-22,35-44,396250,17491,4.41,0.87,15217.17,1247,7.13,222427.39,14.62,12.2
MKT-7137,Back to School 2023,Instagram Ads,2023-04-09,2023-05-24,25-34,229388,2627,1.15,3.13,8222.51,129,4.94,12338.85,1.5,63.74
MKT-7138,Flash Sale 2023,LinkedIn Ads,2023-04-10,2023-04-18,All Ages,425445,10193,2.4,2.84,28948.12,245,2.41,31673.6,1.09,118.16
MKT-7139,Holiday Promo 2023,TikTok Ads,2023-04-10,2023-05-10,18-24,316913,6829,2.16,1.41,9628.89,581,8.52,16209.9,1.68,16.57
MKT-7140,Holiday Promo 2023,Instagram Ads,2023-04-11,2023-05-25,25-34,318851,11536,3.62,3.37,38876.32,988,8.57,85333.56,2.2,39.35
MKT-7141,Retargeting Push 2023,Google Ads,2023-04-13,2023-05-05,35-44,296783,2451,0.83,3.51,8603.01,102,4.16,3540.42,0.41,84.34
MKT-7142,Back to School 2023,Instagram Ads,2023-04-16,2023-05-15,18-24,387293,11237,2.9,1.14,12810.18,152,1.36,10533.6,0.82,84.28
MKT-7143,Lead Gen Sprint 2023,Google Ads,2023-04-17,2023-05-25,25-34,268447,3681,1.37,0.67,2466.27,98,2.68,8758.26,3.55,25.17
MKT-7144,Holiday Promo 2023,Facebook Ads,2023-04-17,2023-05-28,25-34,456757,5094,1.12,2.42,12327.48,55,1.1,7410.7,0.6,224.14
MKT-7145,Back to School 2023,TikTok Ads,2023-04-18,2023-05-26,25-34,405281,9451,2.33,2.25,21264.75,373,3.95,43323.95,2.04,57.01
MKT-7146,New Product Drop 2023,LinkedIn Ads,2023-04-18,2023-05-13,45-54,59128,1943,3.29,1.61,3128.23,150,7.74,26739.0,8.55,20.85
MKT-7147,New Product Drop 2023,LinkedIn Ads,2023-04-18,2023-04-26,25-34,280225,8174,2.92,0.38,3106.12,623,7.63,73675.98,23.72,4.99
MKT-7148,Summer Launch 2023,Facebook Ads,2023-04-19,2023-05-01,18-24,392173,11495,2.93,1.82,20920.9,382,3.33,41519.58,1.98,54.77
MKT-7149,Flash Sale 2023,Google Ads,2023-04-19,2023-05-14,All Ages,50374,2103,4.18,2.04,4290.12,178,8.51,15185.18,3.54,24.1
MKT-7150,Retargeting Push 2023,Instagram Ads,2023-04-20,2023-04-28,18-24,434971,18046,4.15,2.62,47280.52,706,3.91,58470.92,1.24,66.97
MKT-7151,Summer Launch 2023,Google Ads,2023-04-20,2023-05-17,18-24,333460,4512,1.35,1.17,5279.04,160,3.56,9083.2,1.72,32.99
MKT-7152,Flash Sale 2023,LinkedIn Ads,2023-04-20,2023-05-09,55+,446773,14061,3.15,3.35,47104.35,1259,8.96,33086.52,0.7,37.41
MKT-7153,Spring Sale 2023,LinkedIn Ads,2023-04-21,2023-04-28,18-24,349085,8978,2.57,1.47,13197.66,464,5.18,47174.88,3.57,28.44
MKT-7154,Summer Launch 2023,LinkedIn Ads,2023-04-21,2023-05-29,35-44,484457,4714,0.97,3.31,15603.34,315,6.69,52652.25,3.37,49.53
MKT-7155,Holiday Promo 2023,Instagram Ads,2023-04-21,2023-05-05,18-24,11896,361,3.04,3.43,1238.23,27,7.7,5413.77,4.37,45.86
MKT-7156,Year-End Clearance 2023,TikTok Ads,2023-04-21,2023-05-27,25-34,309041,8056,2.61,0.51,4108.56,543,6.75,92565.21,22.53,7.57
MKT-7157,Retargeting Push 2023,Google Ads,2023-04-22,2023-05-14,45-54,115517,3946,3.42,1.24,4893.04,76,1.94,14607.2,2.99,64.38
MKT-7158,New Product Drop 2023,Google Ads,2023-04-24,2023-06-07,55+,415048,18610,4.48,4.08,75928.8,607,3.26,64809.39,0.85,125.09
MKT-7159,Brand Awareness 2023,LinkedIn Ads,2023-04-24,2023-05-04,18-24,261804,5090,1.94,3.32,16898.8,63,1.24,7738.92,0.46,268.23
MKT-7160,Spring Sale 2023,LinkedIn Ads,2023-04-24,2023-06-06,All Ages,216764,7103,3.28,4.11,29193.33,631,8.89,28489.65,0.98,46.27
MKT-7161,Lead Gen Sprint 2023,Facebook Ads,2023-04-24,2023-05-07,35-44,202504,7354,3.63,3.68,27062.72,215,2.93,43860.0,1.62,125.87
MKT-7162,Brand Awareness 2023,Google Ads,2023-04-26,2023-05-10,55+,261570,6936,2.65,1.71,11860.56,104,1.5,6474.0,0.55,114.04
MKT-7163,Spring Sale 2023,TikTok Ads,2023-04-26,2023-05-29,18-24,338432,5229,1.55,2.24,11712.96,118,2.27,17334.2,1.48,99.26
MKT-7164,Year-End Clearance 2023,Google Ads,2023-04-27,2023-06-09,25-34,79110,512,0.65,3.14,1607.68,19,3.8,2582.1,1.61,84.61
MKT-7165,Back to School 2023,LinkedIn Ads,2023-05-02,2023-05-28,45-54,73207,1424,1.95,3.36,4784.64,96,6.8,5885.76,1.23,49.84
MKT-7166,New Product Drop 2023,TikTok Ads,2023-05-03,2023-06-03,All Ages,245135,7369,3.01,3.14,23138.66,338,4.59,31396.82,1.36,68.46
MKT-7167,Brand Awareness 2023,TikTok Ads,2023-05-03,2023-05-10,55+,482514,4397,0.91,1.89,8310.33,348,7.93,61167.96,7.36,23.88
MKT-7168,Summer Launch 2023,LinkedIn Ads,2023-05-04,2023-05-17,All Ages,162553,2204,1.36,4.16,9168.64,140,6.37,26212.2,2.86,65.49
MKT-7169,Retargeting Push 2023,LinkedIn Ads,2023-05-05,2023-06-11,25-34,280302,6779,2.42,0.74,5016.46,557,8.23,59103.27,11.78,9.01
MKT-7170,Back to School 2023,Facebook Ads,2023-05-07,2023-06-06,18-24,148151,1673,1.13,2.97,4968.81,142,8.52,18614.78,3.75,34.99
MKT-7171,Back to School 2023,LinkedIn Ads,2023-05-09,2023-05-28,45-54,312224,7539,2.41,2.23,16811.97,156,2.08,29070.6,1.73,107.77
MKT-7172,Summer Launch 2023,Facebook Ads,2023-05-09,2023-06-02,All Ages,331383,9234,2.79,0.34,3139.56,610,6.61,42956.2,13.68,5.15
MKT-7173,Lead Gen Sprint 2023,Instagram Ads,2023-05-14,2023-06-06,55+,464788,20452,4.4,0.84,17179.68,1530,7.48,71527.5,4.16,11.23
MKT-7174,Back to School 2023,Facebook Ads,2023-05-14,2023-06-13,55+,415441,5825,1.4,3.88,22601.0,89,1.54,8064.29,0.36,253.94
MKT-7175,Retargeting Push 2023,Instagram Ads,2023-05-15,2023-06-20,55+,311861,6045,1.94,1.62,9792.9,386,6.39,13521.58,1.38,25.37
MKT-7176,Summer Launch 2023,TikTok Ads,2023-05-15,2023-06-11,18-24,133568,5275,3.95,3.39,17882.25,142,2.69,19046.46,1.07,125.93
MKT-7177,Retargeting Push 2023,Instagram Ads,2023-05-15,2023-06-08,35-44,483057,13949,2.89,0.3,4184.7,423,3.03,26175.24,6.25,9.89
MKT-7178,Back to School 2023,TikTok Ads,2023-05-16,2023-05-27,35-44,164572,3235,1.97,3.71,12001.85,129,3.99,5434.77,0.45,93.04
MKT-7179,Year-End Clearance 2023,Instagram Ads,2023-05-17,2023-07-01,18-24,403221,17597,4.36,1.27,22348.19,1292,7.34,191383.96,8.56,17.3
MKT-7180,Holiday Promo 2023,Google Ads,2023-05-18,2023-05-27,All Ages,28174,386,1.37,2.06,795.16,9,2.52,1033.74,1.3,88.35
MKT-7181,Brand Awareness 2023,Instagram Ads,2023-05-19,2023-06-24,25-34,323248,12793,3.96,1.11,14200.23,576,4.51,68929.92,4.85,24.65
MKT-7182,New Product Drop 2023,TikTok Ads,2023-05-19,2023-06-22,45-54,190511,1049,0.55,2.0,2098.0,81,7.74,12759.93,6.08,25.9
MKT-7183,Retargeting Push 2023,TikTok Ads,2023-05-20,2023-06-15,18-24,277584,7524,2.71,3.54,26634.96,405,5.38,52994.25,1.99,65.77
MKT-7184,New Product Drop 2023,LinkedIn Ads,2023-05-20,2023-06-24,All Ages,188648,2563,1.36,4.0,10252.0,80,3.13,2552.0,0.25,128.15
MKT-7185,Brand Awareness 2023,LinkedIn Ads,2023-05-22,2023-06-11,All Ages,299016,11595,3.88,1.41,16348.95,304,2.63,31874.4,1.95,53.78
MKT-7186,Flash Sale 2023,TikTok Ads,2023-05-23,2023-06-25,All Ages,414026,14223,3.44,0.87,12374.01,783,5.51,162284.58,13.11,15.8
MKT-7187,Summer Launch 2023,LinkedIn Ads,2023-05-24,2023-06-18,35-44,441904,3727,0.84,3.93,14647.11,225,6.04,19611.0,1.34,65.1
MKT-7188,Brand Awareness 2023,Facebook Ads,2023-05-24,2023-06-11,25-34,189123,7920,4.19,2.31,18295.2,466,5.9,21356.78,1.17,39.26
MKT-7189,Lead Gen Sprint 2023,TikTok Ads,2023-05-24,2023-07-04,45-54,412270,13266,3.22,3.52,46696.32,1106,8.34,139267.52,2.98,42.22
MKT-7190,Lead Gen Sprint 2023,TikTok Ads,2023-05-25,2023-06-05,25-34,214764,2820,1.31,0.53,1494.6,129,4.6,7578.75,5.07,11.59
MKT-7191,Summer Launch 2023,Facebook Ads,2023-05-25,2023-07-02,35-44,133235,1501,1.13,3.26,4893.26,131,8.74,19356.56,3.96,37.35
MKT-7192,Summer Launch 2023,Google Ads,2023-05-26,2023-07-05,45-54,450915,12037,2.67,3.34,40203.58,1001,8.32,175975.8,4.38,40.16
MKT-7193,Retargeting Push 2023,Google Ads,2023-05-27,2023-07-09,35-44,33265,944,2.84,0.87,821.28,44,4.69,2978.8,3.63,18.67
MKT-7194,New Product Drop 2023,TikTok Ads,2023-05-27,2023-06-09,All Ages,389500,7511,1.93,3.9,29292.9,155,2.07,6054.3,0.21,188.99
MKT-7195,Holiday Promo 2023,Facebook Ads,2023-05-28,2023-06-20,45-54,221936,9827,4.43,2.83,27810.41,671,6.83,128013.38,4.6,41.45
MKT-7196,Lead Gen Sprint 2023,Google Ads,2023-05-29,2023-07-02,55+,300893,2379,0.79,4.14,9849.06,142,5.98,26221.72,2.66,69.36
MKT-7197,Brand Awareness 2023,TikTok Ads,2023-05-30,2023-06-27,25-34,281613,7358,2.61,3.44,25311.52,391,5.33,31733.56,1.25,64.74
MKT-7198,Back to School 2023,TikTok Ads,2023-05-31,2023-06-19,35-44,85464,848,0.99,3.99,3383.52,37,4.4,2750.95,0.81,91.45
MKT-7199,Lead Gen Sprint 2023,LinkedIn Ads,2023-05-31,2023-06-23,18-24,352869,15817,4.48,4.15,65640.55,1268,8.02,129475.48,1.97,51.77
MKT-7200,Summer Launch 2023,LinkedIn Ads,2023-06-01,2023-06-11,All Ages,152290,4792,3.15,1.68,8050.56,319,6.67,13324.63,1.66,25.24
MKT-7201,Lead Gen Sprint 2023,Facebook Ads,2023-06-01,2023-06-17,25-34,422581,14058,3.33,0.94,13214.52,1207,8.59,178961.89,13.54,10.95
MKT-7202,Retargeting Push 2023,LinkedIn Ads,2023-06-02,2023-06-24,45-54,47821,577,1.21,0.64,369.28,13,2.4,832.0,2.25,28.41
MKT-7203,Retargeting Push 2023,TikTok Ads,2023-06-03,2023-06-16,All Ages,428824,15340,3.58,1.02,15646.8,1284,8.38,165867.12,10.6,12.19
MKT-7204,Lead Gen Sprint 2023,Facebook Ads,2023-06-03,2023-06-29,25-34,464028,20392,4.39,3.12,63623.04,1518,7.45,183966.42,2.89,41.91
MKT-7205,Holiday Promo 2023,TikTok Ads,2023-06-05,2023-07-07,45-54,251947,1675,0.66,0.99,1658.25,89,5.32,2435.04,1.47,18.63
MKT-7206,Lead Gen Sprint 2023,Google Ads,2023-06-06,2023-07-20,18-24,225572,4058,1.8,3.53,14324.74,293,7.24,14503.5,1.01,48.89
MKT-7207,Retargeting Push 2023,Google Ads,2023-06-06,2023-07-01,55+,233935,4308,1.84,3.69,15896.52,59,1.38,8743.21,0.55,269.43
MKT-7208,New Product Drop 2023,Instagram Ads,2023-06-06,2023-07-05,18-24,291188,8094,2.78,1.7,13759.8,178,2.21,9410.86,0.68,77.3
MKT-7209,Flash Sale 2023,TikTok Ads,2023-06-07,2023-07-16,55+,26783,816,3.05,2.15,1754.4,37,4.56,3159.06,1.8,47.42
MKT-7210,Spring Sale 2023,LinkedIn Ads,2023-06-07,2023-07-21,55+,402478,3050,0.76,3.45,10522.5,100,3.3,6119.0,0.58,105.22
MKT-7211,Spring Sale 2023,Google Ads,2023-06-09,2023-07-14,25-34,472918,21275,4.5,2.8,59570.0,521,2.45,23757.6,0.4,114.34
MKT-7212,Back to School 2023,TikTok Ads,2023-06-10,2023-06-20,45-54,256029,5896,2.3,4.06,23937.76,354,6.01,38819.64,1.62,67.62
MKT-7213,Flash Sale 2023,LinkedIn Ads,2023-06-10,2023-07-18,55+,238805,2634,1.1,1.42,3740.28,60,2.31,7835.4,2.09,62.34
MKT-7214,Summer Launch 2023,Facebook Ads,2023-06-11,2023-07-25,55+,379293,12695,3.35,3.02,38338.9,1028,8.1,118148.04,3.08,37.29
MKT-7215,Year-End Clearance 2023,TikTok Ads,2023-06-12,2023-07-14,35-44,157970,1331,0.84,2.52,3354.12,56,4.24,8874.32,2.65,59.89
MKT-7216,New Product Drop 2023,Google Ads,2023-06-12,2023-07-11,18-24,233908,2888,1.23,0.39,1126.32,194,6.73,22308.06,19.81,5.81
MKT-7217,Year-End Clearance 2023,Instagram Ads,2023-06-13,2023-07-09,45-54,30101,938,3.12,2.58,2420.04,75,8.08,9033.75,3.73,32.27
MKT-7218,Flash Sale 2023,Google Ads,2023-06-14,2023-07-10,All Ages,134604,5648,4.2,2.61,14741.28,198,3.52,27480.42,1.86,74.45
MKT-7219,Lead Gen Sprint 2023,Google Ads,2023-06-15,2023-07-16,35-44,449887,14561,3.24,2.44,35528.84,465,3.2,41710.5,1.17,76.41
MKT-7220,Lead Gen Sprint 2023,Google Ads,2023-06-15,2023-07-26,45-54,162413,5211,3.21,2.24,11672.64,385,7.39,40552.05,3.47,30.32
MKT-7221,New Product Drop 2023,Facebook Ads,2023-06-15,2023-07-18,18-24,168553,1640,0.97,2.88,4723.2,68,4.16,14325.56,3.03,69.46
MKT-7222,Spring Sale 2023,Instagram Ads,2023-06-15,2023-06-24,35-44,285867,9325,3.26,4.14,38605.5,305,3.27,58456.3,1.51,126.58
MKT-7223,Holiday Promo 2023,LinkedIn Ads,2023-06-16,2023-07-15,45-54,444645,4607,1.04,1.15,5298.05,120,2.61,25965.6,4.9,44.15
MKT-7224,Spring Sale 2023,TikTok Ads,2023-06-17,2023-07-31,45-54,258951,2423,0.94,3.73,9037.79,103,4.26,15378.93,1.7,87.75
MKT-7225,Flash Sale 2023,Instagram Ads,2023-06-18,2023-07-30,All Ages,111204,584,0.53,3.8,2219.2,14,2.48,550.76,0.25,158.51
MKT-7226,New Product Drop 2023,LinkedIn Ads,2023-06-19,2023-07-17,25-34,482592,20325,4.21,0.83,16869.75,934,4.6,126650.4,7.51,18.06
MKT-7227,Back to School 2023,LinkedIn Ads,2023-06-19,2023-07-08,25-34,148745,5516,3.71,1.86,10259.76,59,1.07,12780.58,1.25,173.89
MKT-7228,Flash Sale 2023,Instagram Ads,2023-06-20,2023-07-14,35-44,494141,14720,2.98,0.96,14131.2,952,6.47,91934.64,6.51,14.84
MKT-7229,Brand Awareness 2023,TikTok Ads,2023-06-20,2023-07-15,All Ages,74699,394,0.53,2.91,1146.54,32,8.37,3297.6,2.88,35.83
MKT-7230,New Product Drop 2023,TikTok Ads,2023-06-21,2023-07-12,All Ages,56909,1111,1.95,3.03,3366.33,65,5.89,12364.3,3.67,51.79
MKT-7231,Spring Sale 2023,LinkedIn Ads,2023-06-21,2023-06-30,All Ages,139827,4310,3.08,0.79,3404.9,72,1.68,5668.56,1.66,47.29
MKT-7232,Holiday Promo 2023,LinkedIn Ads,2023-06-21,2023-07-15,55+,429052,16532,3.85,2.74,45297.68,1037,6.28,225889.71,4.99,43.68
MKT-7233,Holiday Promo 2023,Google Ads,2023-06-21,2023-08-03,55+,363738,10292,2.83,2.27,23362.84,880,8.56,135053.6,5.78,26.55
MKT-7234,New Product Drop 2023,Facebook Ads,2023-06-22,2023-07-13,18-24,95343,2247,2.36,2.86,6426.42,127,5.66,9309.1,1.45,50.6
MKT-7235,Lead Gen Sprint 2023,LinkedIn Ads,2023-06-22,2023-07-30,45-54,227622,5334,2.34,1.16,6187.44,377,7.08,43087.33,6.96,16.41
MKT-7236,Back to School 2023,Facebook Ads,2023-06-22,2023-08-02,35-44,423325,7880,1.86,0.46,3624.8,91,1.17,13260.52,3.66,39.83
MKT-7237,Summer Launch 2023,Instagram Ads,2023-06-22,2023-07-08,All Ages,50468,579,1.15,0.79,457.41,22,3.86,2079.0,4.55,20.79
MKT-7238,Year-End Clearance 2023,Instagram Ads,2023-06-22,2023-07-25,25-34,313933,12360,3.94,2.59,32012.4,182,1.48,27636.7,0.86,175.89
MKT-7239,Flash Sale 2023,Instagram Ads,2023-06-24,2023-07-26,45-54,57853,1698,2.94,3.86,6554.28,66,3.94,6433.68,0.98,99.31
MKT-7240,Spring Sale 2023,Instagram Ads,2023-06-25,2023-07-10,All Ages,352092,8699,2.47,2.64,22965.36,469,5.4,26629.82,1.16,48.97
MKT-7241,Retargeting Push 2023,Instagram Ads,2023-06-25,2023-07-19,55+,54527,2065,3.79,3.25,6711.25,77,3.76,15197.49,2.26,87.16
MKT-7242,Lead Gen Sprint 2023,TikTok Ads,2023-06-25,2023-08-01,All Ages,303985,11279,3.71,3.74,42183.46,550,4.88,80025.0,1.9,76.7
MKT-7243,Spring Sale 2023,Google Ads,2023-06-26,2023-07-03,All Ages,229091,1209,0.53,1.0,1209.0,104,8.61,9538.88,7.89,11.62
MKT-7244,New Product Drop 2023,Instagram Ads,2023-06-26,2023-07-28,25-34,357350,13621,3.81,0.3,4086.3,208,1.53,15982.72,3.91,19.65
MKT-7245,Spring Sale 2023,Instagram Ads,2023-06-29,2023-07-29,35-44,438513,12622,2.88,2.57,32438.54,885,7.01,86907.0,2.68,36.65
MKT-7246,Holiday Promo 2023,LinkedIn Ads,2023-06-30,2023-07-08,25-34,57182,1213,2.12,0.77,934.01,97,8.06,8050.03,8.62,9.63
MKT-7247,Brand Awareness 2023,Instagram Ads,2023-06-30,2023-07-10,45-54,299629,11696,3.9,0.44,5146.24,369,3.16,73674.54,14.32,13.95
MKT-7248,Back to School 2023,Instagram Ads,2023-06-30,2023-07-28,25-34,351052,14142,4.03,2.49,35213.58,331,2.35,18671.71,0.53,106.39
MKT-7249,Flash Sale 2023,Instagram Ads,2023-06-30,2023-08-08,45-54,263862,6873,2.61,0.45,3092.85,133,1.94,15373.47,4.97,23.25
MKT-7250,Retargeting Push 2023,LinkedIn Ads,2023-06-30,2023-07-08,All Ages,268398,8894,3.31,2.15,19122.1,747,8.41,29611.08,1.55,25.6
MKT-7251,Flash Sale 2023,Instagram Ads,2023-07-01,2023-07-10,18-24,486624,6206,1.28,3.48,21596.88,351,5.66,56623.32,2.62,61.53
MKT-7252,Holiday Promo 2023,LinkedIn Ads,2023-07-01,2023-08-14,45-54,308360,6730,2.18,3.38,22747.4,356,5.29,45058.92,1.98,63.9
MKT-7253,New Product Drop 2023,Facebook Ads,2023-07-04,2023-07-25,35-44,373393,5645,1.51,1.62,9144.9,157,2.78,18100.53,1.98,58.25
MKT-7254,Retargeting Push 2023,Instagram Ads,2023-07-04,2023-08-11,35-44,161735,7242,4.48,2.71,19625.82,332,4.59,11938.72,0.61,59.11
MKT-7255,Holiday Promo 2023,Google Ads,2023-07-04,2023-08-15,55+,470013,12259,2.61,1.14,13975.26,419,3.43,48117.96,3.44,33.35
MKT-7256,Flash Sale 2023,Facebook Ads,2023-07-06,2023-07-24,45-54,336511,2077,0.62,2.92,6064.84,89,4.29,2255.26,0.37,68.14
MKT-7257,Summer Launch 2023,Google Ads,2023-07-06,2023-07-16,All Ages,237906,5521,2.32,3.59,19820.39,433,7.86,75012.92,3.78,45.77
MKT-7258,Retargeting Push 2023,TikTok Ads,2023-07-08,2023-08-08,35-44,92680,2616,2.82,3.42,8946.72,124,4.75,12308.24,1.38,72.15
MKT-7259,Year-End Clearance 2023,Instagram Ads,2023-07-10,2023-08-07,All Ages,129833,2109,1.62,0.51,1075.59,109,5.18,6690.42,6.22,9.87
MKT-7260,Summer Launch 2023,TikTok Ads,2023-07-11,2023-08-21,25-34,227119,4380,1.93,3.17,13884.6,367,8.39,42502.27,3.06,37.83
MKT-7261,Back to School 2023,Google Ads,2023-07-11,2023-08-25,18-24,290482,7008,2.41,4.12,28872.96,466,6.66,52592.76,1.82,61.96
MKT-7262,Flash Sale 2023,LinkedIn Ads,2023-07-12,2023-07-21,All Ages,228567,9498,4.16,4.05,38466.9,124,1.31,11191.0,0.29,310.22
MKT-7263,Lead Gen Sprint 2023,Instagram Ads,2023-07-14,2023-08-17,45-54,356271,5601,1.57,1.83,10249.83,152,2.72,25637.84,2.5,67.43
MKT-7264,Year-End Clearance 2023,LinkedIn Ads,2023-07-15,2023-08-23,25-34,458154,4089,0.89,2.0,8178.0,268,6.57,33079.24,4.04,30.51
MKT-7265,Brand Awareness 2023,Facebook Ads,2023-07-19,2023-08-11,25-34,68733,926,1.35,1.86,1722.36,26,2.9,3731.78,2.17,66.24
MKT-7266,Back to School 2023,Instagram Ads,2023-07-19,2023-08-23,25-34,225127,4998,2.22,1.81,9046.38,392,7.86,55593.44,6.15,23.08
MKT-7267,Lead Gen Sprint 2023,TikTok Ads,2023-07-20,2023-08-16,45-54,217418,3830,1.76,2.95,11298.5,320,8.36,69494.4,6.15,35.31
MKT-7268,Brand Awareness 2023,TikTok Ads,2023-07-22,2023-08-10,18-24,381144,7733,2.03,0.87,6727.71,533,6.9,31894.72,4.74,12.62
MKT-7269,Lead Gen Sprint 2023,LinkedIn Ads,2023-07-22,2023-07-30,All Ages,191482,2991,1.56,1.66,4965.06,114,3.82,4733.28,0.95,43.55
MKT-7270,Back to School 2023,Google Ads,2023-07-23,2023-08-27,25-34,418827,9398,2.24,2.4,22555.2,306,3.26,19161.72,0.85,73.71
MKT-7271,Back to School 2023,TikTok Ads,2023-07-25,2023-08-02,35-44,297678,2956,0.99,1.87,5527.72,89,3.02,6557.52,1.19,62.11
MKT-7272,Back to School 2023,Facebook Ads,2023-07-26,2023-09-05,45-54,140234,3298,2.35,1.15,3792.7,112,3.4,15463.84,4.08,33.86
MKT-7273,Spring Sale 2023,TikTok Ads,2023-07-26,2023-08-10,All Ages,87084,3135,3.6,2.39,7492.65,119,3.8,25562.39,3.41,62.96
MKT-7274,Spring Sale 2023,Instagram Ads,2023-07-26,2023-08-09,18-24,84385,1511,1.79,2.68,4049.48,28,1.9,5022.08,1.24,144.62
MKT-7275,Holiday Promo 2023,LinkedIn Ads,2023-07-27,2023-08-24,18-24,129379,4085,3.16,1.14,4656.9,219,5.38,26527.47,5.7,21.26
MKT-7276,Year-End Clearance 2023,TikTok Ads,2023-07-27,2023-08-24,18-24,380089,16934,4.46,4.0,67736.0,1318,7.79,167662.78,2.48,51.39
MKT-7277,New Product Drop 2023,LinkedIn Ads,2023-07-28,2023-08-24,25-34,161573,4403,2.73,0.59,2597.77,296,6.73,48692.0,18.74,8.78
MKT-7278,Back to School 2023,TikTok Ads,2023-07-29,2023-08-21,35-44,5561,182,3.28,2.95,536.9,2,1.62,75.96,0.14,268.45
MKT-7279,Year-End Clearance 2023,Facebook Ads,2023-07-29,2023-08-23,All Ages,197120,2616,1.33,3.25,8502.0,82,3.14,4695.32,0.55,103.68
MKT-7280,Year-End Clearance 2023,Google Ads,2023-07-31,2023-09-11,18-24,197314,4150,2.1,3.34,13861.0,292,7.05,31419.2,2.27,47.47
MKT-7281,Holiday Promo 2023,Facebook Ads,2023-07-31,2023-09-13,All Ages,7963,204,2.57,0.39,79.56,10,5.07,1957.5,24.6,7.96
MKT-7282,New Product Drop 2023,Facebook Ads,2023-07-31,2023-08-30,35-44,153549,6407,4.17,1.64,10507.48,139,2.18,5726.8,0.55,75.59
MKT-7283,Flash Sale 2023,Google Ads,2023-07-31,2023-08-20,45-54,481325,19505,4.05,2.12,41350.6,1030,5.28,52251.9,1.26,40.15
MKT-7284,Brand Awareness 2023,TikTok Ads,2023-08-01,2023-08-15,18-24,482871,12445,2.58,3.53,43930.85,525,4.23,88856.25,2.02,83.68
MKT-7285,Retargeting Push 2023,Facebook Ads,2023-08-02,2023-09-16,All Ages,245649,6467,2.63,1.63,10541.21,110,1.71,11819.5,1.12,95.83
MKT-7286,Brand Awareness 2023,Facebook Ads,2023-08-02,2023-09-08,18-24,127546,2445,1.92,3.74,9144.3,34,1.4,5336.3,0.58,268.95
MKT-7287,Back to School 2023,TikTok Ads,2023-08-02,2023-08-21,35-44,116838,791,0.68,2.9,2293.9,64,8.18,10097.28,4.4,35.84
MKT-7288,Back to School 2023,Facebook Ads,2023-08-02,2023-09-16,All Ages,341515,3144,0.92,3.92,12324.48,174,5.56,31236.48,2.53,70.83
MKT-7289,Retargeting Push 2023,Facebook Ads,2023-08-02,2023-08-10,18-24,236875,8537,3.6,1.63,13915.31,547,6.41,45937.06,3.3,25.44
MKT-7290,New Product Drop 2023,Facebook Ads,2023-08-03,2023-08-12,25-34,227263,10083,4.44,4.09,41239.47,337,3.35,35307.49,0.86,122.37
MKT-7291,Summer Launch 2023,LinkedIn Ads,2023-08-04,2023-08-16,All Ages,202545,7245,3.58,0.67,4854.15,477,6.6,93935.61,19.35,10.18
MKT-7292,Spring Sale 2023,TikTok Ads,2023-08-04,2023-08-17,55+,466670,18047,3.87,0.63,11369.61,1059,5.87,58223.82,5.12,10.74
MKT-7293,Spring Sale 2023,Facebook Ads,2023-08-05,2023-08-29,25-34,194390,7413,3.81,3.23,23943.99,331,4.47,66309.23,2.77,72.34
MKT-7294,Flash Sale 2023,Facebook Ads,2023-08-07,2023-09-07,55+,481964,15822,3.28,3.45,54585.9,633,4.01,102185.19,1.87,86.23
MKT-7295,Spring Sale 2023,Instagram Ads,2023-08-07,2023-09-15,35-44,63689,636,1.0,1.64,1043.04,56,8.93,10014.48,9.6,18.63
MKT-7296,Holiday Promo 2023,Facebook Ads,2023-08-08,2023-08-26,25-34,110555,2504,2.27,3.72,9314.88,81,3.24,14084.28,1.51,115.0
MKT-7297,Back to School 2023,Facebook Ads,2023-08-08,2023-08-27,35-44,340623,13160,3.86,0.67,8817.2,1165,8.86,87421.6,9.91,7.57
MKT-7298,Brand Awareness 2023,Google Ads,2023-08-08,2023-09-19,18-24,431170,2426,0.56,2.16,5240.16,200,8.27,10112.0,1.93,26.2
MKT-7299,Holiday Promo 2023,LinkedIn Ads,2023-08-08,2023-09-18,18-24,401769,3056,0.76,1.65,5042.4,36,1.18,4262.76,0.85,140.07
MKT-7300,Spring Sale 2023,Facebook Ads,2023-08-09,2023-08-21,25-34,121710,1098,0.9,3.5,3843.0,52,4.8,8969.48,2.33,73.9
MKT-7301,New Product Drop 2023,TikTok Ads,2023-08-09,2023-09-10,18-24,223672,1747,0.78,2.49,4350.03,55,3.16,9991.85,2.3,79.09
MKT-7302,Summer Launch 2023,LinkedIn Ads,2023-08-10,2023-09-13,18-24,342218,3345,0.98,1.04,3478.8,282,8.45,47251.92,13.58,12.34
MKT-7303,Lead Gen Sprint 2023,Instagram Ads,2023-08-10,2023-09-10,All Ages,367070,16350,4.45,0.84,13734.0,471,2.88,20069.31,1.46,29.16
MKT-7304,Brand Awareness 2023,Facebook Ads,2023-08-11,2023-09-18,55+,436714,19179,4.39,0.69,13233.51,764,3.99,159920.48,12.08,17.32
MKT-7305,New Product Drop 2023,LinkedIn Ads,2023-08-11,2023-08-23,35-44,65109,1536,2.36,4.15,6374.4,86,5.61,14957.12,2.35,74.12
MKT-7306,Holiday Promo 2023,LinkedIn Ads,2023-08-11,2023-08-31,18-24,7126,163,2.3,1.78,290.14,6,3.74,449.04,1.55,48.36
MKT-7307,Summer Launch 2023,Google Ads,2023-08-11,2023-09-10,45-54,308284,3628,1.18,0.82,2974.96,309,8.52,13169.58,4.43,9.63
MKT-7308,Back to School 2023,LinkedIn Ads,2023-08-11,2023-09-22,45-54,98697,1610,1.63,3.56,5731.6,75,4.68,2862.75,0.5,76.42
MKT-7309,Spring Sale 2023,Instagram Ads,2023-08-12,2023-08-19,45-54,9980,359,3.6,2.56,919.04,13,3.82,997.36,1.09,70.7
MKT-7310,Spring Sale 2023,LinkedIn Ads,2023-08-13,2023-09-12,All Ages,366719,8472,2.31,0.73,6184.56,195,2.3,33311.85,5.39,31.72
MKT-7311,Brand Awareness 2023,LinkedIn Ads,2023-08-15,2023-09-12,35-44,405710,16902,4.17,3.93,66424.86,538,3.18,55688.38,0.84,123.47
MKT-7312,Year-End Clearance 2023,Google Ads,2023-08-15,2023-09-12,45-54,308900,6910,2.24,0.92,6357.2,361,5.23,55788.94,8.78,17.61
MKT-7313,Flash Sale 2023,TikTok Ads,2023-08-16,2023-09-02,35-44,98910,2145,2.17,2.52,5405.4,104,4.88,4565.6,0.84,51.97
MKT-7314,Flash Sale 2023,TikTok Ads,2023-08-16,2023-09-13,55+,435631,18033,4.14,3.95,71230.35,391,2.17,85343.57,1.2,182.17
MKT-7315,Back to School 2023,Facebook Ads,2023-08-16,2023-09-13,18-24,34761,587,1.69,2.36,1385.32,43,7.46,6820.23,4.92,32.22
MKT-7316,Year-End Clearance 2023,Google Ads,2023-08-17,2023-08-28,All Ages,159994,5450,3.41,3.14,17113.0,371,6.82,32080.37,1.87,46.13
MKT-7317,Holiday Promo 2023,Google Ads,2023-08-17,2023-08-26,45-54,437236,6221,1.42,3.23,20093.83,75,1.21,12134.25,0.6,267.92
MKT-7318,New Product Drop 2023,Instagram Ads,2023-08-18,2023-09-12,45-54,57859,2320,4.01,2.03,4709.6,45,1.95,8665.65,1.84,104.66
MKT-7319,Lead Gen Sprint 2023,LinkedIn Ads,2023-08-18,2023-09-06,18-24,207824,6579,3.17,2.14,14079.06,386,5.88,60760.26,4.32,36.47
MKT-7320,Flash Sale 2023,Facebook Ads,2023-08-19,2023-09-02,25-34,49237,829,1.68,2.32,1923.28,51,6.22,9926.13,5.16,37.71
MKT-7321,New Product Drop 2023,Instagram Ads,2023-08-19,2023-09-18,All Ages,342308,1872,0.55,1.19,2227.68,96,5.18,16420.8,7.37,23.2
MKT-7322,Back to School 2023,Facebook Ads,2023-08-20,2023-09-11,45-54,407229,10231,2.51,3.65,37343.15,179,1.75,34006.42,0.91,208.62
MKT-7323,Year-End Clearance 2023,Instagram Ads,2023-08-20,2023-09-03,18-24,453032,9494,2.1,2.33,22121.02,366,3.86,51638.94,2.33,60.44
MKT-7324,Spring Sale 2023,Facebook Ads,2023-08-20,2023-09-08,35-44,369463,11355,3.07,1.28,14534.4,184,1.63,28052.64,1.93,78.99
MKT-7325,Back to School 2023,Instagram Ads,2023-08-20,2023-09-22,35-44,350991,15476,4.41,2.19,33892.44,169,1.09,18642.39,0.55,200.55
MKT-7326,Retargeting Push 2023,TikTok Ads,2023-08-21,2023-09-25,25-34,131527,1900,1.45,2.6,4940.0,119,6.28,3910.34,0.79,41.51
MKT-7327,Flash Sale 2023,LinkedIn Ads,2023-08-21,2023-08-29,25-34,185852,8025,4.32,0.82,6580.5,295,3.68,27157.7,4.13,22.31
MKT-7328,Lead Gen Sprint 2023,Instagram Ads,2023-08-22,2023-08-29,All Ages,328917,11234,3.42,1.79,20108.86,672,5.98,134272.32,6.68,29.92
MKT-7329,Holiday Promo 2023,TikTok Ads,2023-08-22,2023-09-12,55+,59437,666,1.12,2.81,1871.46,10,1.53,838.8,0.45,187.15
MKT-7330,Summer Launch 2023,Google Ads,2023-08-22,2023-09-29,18-24,42044,317,0.76,0.47,148.99,6,1.95,1023.12,6.87,24.83
MKT-7331,Year-End Clearance 2023,Google Ads,2023-08-23,2023-09-02,45-54,461159,3029,0.66,0.32,969.28,239,7.91,11722.95,12.09,4.06
MKT-7332,Back to School 2023,LinkedIn Ads,2023-08-23,2023-09-05,18-24,339479,3626,1.07,0.44,1595.44,190,5.24,5639.2,3.53,8.4
MKT-7333,Spring Sale 2023,TikTok Ads,2023-08-23,2023-09-24,25-34,468537,12626,2.69,2.56,32322.56,1108,8.78,129381.16,4.0,29.17
MKT-7334,Spring Sale 2023,TikTok Ads,2023-08-23,2023-10-01,55+,192708,1149,0.6,3.85,4423.65,88,7.71,8308.08,1.88,50.27
MKT-7335,New Product Drop 2023,Facebook Ads,2023-08-24,2023-09-18,45-54,351842,15039,4.27,1.81,27220.59,358,2.38,18275.9,0.67,76.04
MKT-7336,Retargeting Push 2023,Instagram Ads,2023-08-24,2023-09-04,35-44,217244,6868,3.16,2.11,14491.48,234,3.41,23802.48,1.64,61.93
MKT-7337,Retargeting Push 2023,Facebook Ads,2023-08-24,2023-10-05,25-34,410556,16140,3.93,2.22,35830.8,1296,8.03,152992.8,4.27,27.65
MKT-7338,Lead Gen Sprint 2023,Facebook Ads,2023-08-25,2023-09-17,All Ages,99091,551,0.56,2.31,1272.81,6,1.18,385.2,0.3,212.13
MKT-7339,Holiday Promo 2023,Google Ads,2023-08-27,2023-10-11,18-24,133638,5148,3.85,4.18,21518.64,128,2.5,20271.36,0.94,168.11
MKT-7340,Flash Sale 2023,Instagram Ads,2023-08-27,2023-09-21,55+,419172,9980,2.38,3.79,37824.2,288,2.89,50437.44,1.33,131.33
MKT-7341,Lead Gen Sprint 2023,Facebook Ads,2023-08-27,2023-09-16,All Ages,31132,1027,3.3,1.23,1263.21,89,8.75,5076.56,4.02,14.19
MKT-7342,New Product Drop 2023,LinkedIn Ads,2023-08-27,2023-09-07,18-24,276372,5959,2.16,2.49,14837.91,114,1.93,5700.0,0.38,130.16
MKT-7343,Brand Awareness 2023,Facebook Ads,2023-08-29,2023-10-05,25-34,470590,6464,1.37,1.28,8273.92,494,7.64,86321.56,10.43,16.75
MKT-7344,Retargeting Push 2023,TikTok Ads,2023-08-29,2023-09-13,35-44,64651,1653,2.56,2.13,3520.89,18,1.15,2076.84,0.59,195.6
MKT-7345,Back to School 2023,LinkedIn Ads,2023-08-31,2023-09-13,55+,359104,15933,4.44,0.62,9878.46,872,5.48,21826.16,2.21,11.33
MKT-7346,Spring Sale 2023,TikTok Ads,2023-08-31,2023-10-09,35-44,58870,1138,1.93,2.76,3140.88,14,1.29,1954.12,0.62,224.35
MKT-7347,Summer Launch 2023,Google Ads,2023-09-01,2023-10-11,55+,319089,10701,3.35,1.48,15837.48,429,4.01,69841.2,4.41,36.92
MKT-7348,Brand Awareness 2023,Google Ads,2023-09-02,2023-09-10,35-44,239465,4925,2.06,3.88,19109.0,424,8.62,67093.76,3.51,45.07
MKT-7349,Back to School 2023,TikTok Ads,2023-09-04,2023-09-15,All Ages,398559,5790,1.45,4.1,23739.0,468,8.1,77322.96,3.26,50.72
MKT-7350,Retargeting Push 2023,Instagram Ads,2023-09-04,2023-10-16,55+,480801,12117,2.52,1.59,19266.03,584,4.82,128304.8,6.66,32.99
MKT-7351,New Product Drop 2023,Facebook Ads,2023-09-05,2023-09-18,18-24,466666,13391,2.87,0.72,9641.52,688,5.14,92136.96,9.56,14.01
MKT-7352,Flash Sale 2023,Facebook Ads,2023-09-07,2023-10-02,All Ages,112358,4816,4.29,2.02,9728.32,147,3.07,30524.55,3.14,66.18
MKT-7353,Year-End Clearance 2023,Google Ads,2023-09-08,2023-10-22,25-34,341416,9597,2.81,0.33,3167.01,351,3.66,33197.58,10.48,9.02
MKT-7354,Back to School 2023,TikTok Ads,2023-09-08,2023-10-11,18-24,143201,3804,2.66,0.42,1597.68,247,6.51,14694.03,9.2,6.47
MKT-7355,Spring Sale 2023,LinkedIn Ads,2023-09-08,2023-10-21,25-34,390453,14651,3.75,3.02,44246.02,819,5.6,152235.72,3.44,54.02
MKT-7356,Flash Sale 2023,Google Ads,2023-09-08,2023-10-21,All Ages,20287,219,1.08,1.0,219.0,12,5.51,462.96,2.11,18.25
MKT-7357,Lead Gen Sprint 2023,Google Ads,2023-09-09,2023-10-02,All Ages,252001,4016,1.59,2.34,9397.44,193,4.82,8721.67,0.93,48.69
MKT-7358,New Product Drop 2023,LinkedIn Ads,2023-09-10,2023-10-06,45-54,219215,9647,4.4,0.52,5016.44,407,4.23,72629.15,14.48,12.33
MKT-7359,New Product Drop 2023,Instagram Ads,2023-09-10,2023-09-26,All Ages,112644,980,0.87,2.36,2312.8,19,1.97,777.48,0.34,121.73
MKT-7360,Back to School 2023,Google Ads,2023-09-12,2023-10-02,35-44,429274,4316,1.01,3.46,14933.36,162,3.76,12022.02,0.81,92.18
MKT-7361,Retargeting Push 2023,LinkedIn Ads,2023-09-15,2023-10-17,45-54,161058,1537,0.95,2.71,4165.27,122,8.0,22160.08,5.32,34.14
MKT-7362,Spring Sale 2023,LinkedIn Ads,2023-09-16,2023-10-31,18-24,239367,3793,1.58,1.26,4779.18,208,5.5,6512.48,1.36,22.98
MKT-7363,Summer Launch 2023,Instagram Ads,2023-09-16,2023-09-29,All Ages,68327,1167,1.71,3.57,4166.19,13,1.19,2492.23,0.6,320.48
MKT-7364,Back to School 2023,TikTok Ads,2023-09-16,2023-10-12,25-34,148047,3369,2.28,0.77,2594.13,161,4.81,30630.25,11.81,16.11
MKT-7365,Back to School 2023,Facebook Ads,2023-09-17,2023-10-08,45-54,118433,4245,3.59,3.14,13329.3,192,4.54,35207.04,2.64,69.42
MKT-7366,Retargeting Push 2023,LinkedIn Ads,2023-09-18,2023-09-29,25-34,492274,17698,3.6,3.7,65482.6,1362,7.7,62134.44,0.95,48.08
MKT-7367,Back to School 2023,Instagram Ads,2023-09-18,2023-10-13,45-54,58636,1009,1.72,2.32,2340.88,76,7.56,16035.24,6.85,30.8
MKT-7368,Retargeting Push 2023,Facebook Ads,2023-09-19,2023-10-21,35-44,339439,6835,2.01,1.56,10662.6,470,6.89,73268.3,6.87,22.69
MKT-7369,New Product Drop 2023,Instagram Ads,2023-09-19,2023-10-05,35-44,397437,3349,0.84,3.47,11621.03,207,6.19,28806.12,2.48,56.14
MKT-7370,Summer Launch 2023,TikTok Ads,2023-09-20,2023-10-16,35-44,453429,6514,1.44,1.17,7621.38,271,4.16,10365.75,1.36,28.12
MKT-7371,Summer Launch 2023,TikTok Ads,2023-09-21,2023-10-06,25-34,352706,10521,2.98,1.46,15360.66,350,3.33,39081.0,2.54,43.89
MKT-7372,Year-End Clearance 2023,Google Ads,2023-09-23,2023-10-05,55+,336601,5012,1.49,3.8,19045.6,223,4.46,7187.29,0.38,85.41
MKT-7373,Holiday Promo 2023,Facebook Ads,2023-09-23,2023-10-13,35-44,459058,20408,4.45,0.49,9999.92,371,1.82,60754.96,6.08,26.95
MKT-7374,Lead Gen Sprint 2023,Facebook Ads,2023-09-25,2023-10-18,25-34,464355,9643,2.08,2.6,25071.8,415,4.31,47459.4,1.89,60.41
MKT-7375,Year-End Clearance 2023,Facebook Ads,2023-09-25,2023-10-09,55+,280752,10382,3.7,2.31,23982.42,143,1.38,9693.97,0.4,167.71
MKT-7376,New Product Drop 2023,Instagram Ads,2023-09-26,2023-10-13,55+,86120,475,0.55,3.42,1624.5,8,1.87,1402.72,0.86,203.06
MKT-7377,Holiday Promo 2023,Facebook Ads,2023-09-27,2023-11-02,18-24,420103,15296,3.64,0.62,9483.52,747,4.89,80160.57,8.45,12.7
MKT-7378,Spring Sale 2023,Instagram Ads,2023-09-28,2023-10-26,25-34,338185,9711,2.87,3.04,29521.44,338,3.49,70057.26,2.37,87.34
MKT-7379,Summer Launch 2023,Instagram Ads,2023-09-28,2023-10-06,35-44,194905,8615,4.42,2.06,17746.9,473,5.49,69644.52,3.92,37.52
MKT-7380,Holiday Promo 2023,TikTok Ads,2023-09-29,2023-10-17,25-34,158889,3029,1.91,1.0,3029.0,135,4.48,6160.05,2.03,22.44
MKT-7381,Back to School 2023,Instagram Ads,2023-10-01,2023-10-16,18-24,287419,9970,3.47,2.24,22332.8,780,7.83,81026.4,3.63,28.63
MKT-7382,Back to School 2023,Instagram Ads,2023-10-02,2023-10-20,18-24,67864,1184,1.75,1.1,1302.4,90,7.63,9657.9,7.42,14.47
MKT-7383,Brand Awareness 2023,Instagram Ads,2023-10-02,2023-10-11,18-24,446826,13291,2.97,2.21,29373.11,256,1.93,28101.12,0.96,114.74
MKT-7384,Holiday Promo 2023,Instagram Ads,2023-10-02,2023-11-13,25-34,322333,6920,2.15,2.29,15846.8,378,5.47,48981.24,3.09,41.92
MKT-7385,Holiday Promo 2023,Google Ads,2023-10-03,2023-10-28,35-44,159686,1450,0.91,2.47,3581.5,65,4.54,1845.35,0.52,55.1
MKT-7386,Year-End Clearance 2023,Instagram Ads,2023-10-03,2023-10-11,25-34,65487,1128,1.72,0.77,868.56,32,2.87,6275.52,7.23,27.14
MKT-7387,Flash Sale 2023,Facebook Ads,2023-10-05,2023-10-20,55+,147934,5400,3.65,0.69,3726.0,184,3.42,26284.4,7.05,20.25
MKT-7388,Summer Launch 2023,Google Ads,2023-10-06,2023-10-29,25-34,138822,2324,1.67,2.96,6879.04,40,1.75,5938.0,0.86,171.98
MKT-7389,Holiday Promo 2023,Google Ads,2023-10-06,2023-11-20,55+,438085,18007,4.11,3.81,68606.67,975,5.42,77541.75,1.13,70.37
MKT-7390,New Product Drop 2023,LinkedIn Ads,2023-10-06,2023-11-12,25-34,74750,1374,1.84,2.15,2954.1,38,2.77,1347.86,0.46,77.74
MKT-7391,Back to School 2023,LinkedIn Ads,2023-10-06,2023-10-31,All Ages,187564,7676,4.09,2.12,16273.12,649,8.47,72837.27,4.48,25.07
MKT-7392,Flash Sale 2023,Facebook Ads,2023-10-06,2023-11-16,45-54,256215,9153,3.57,0.53,4851.09,711,7.78,109401.57,22.55,6.82
MKT-7393,Lead Gen Sprint 2023,Instagram Ads,2023-10-07,2023-11-21,18-24,340176,13448,3.95,0.82,11027.36,821,6.11,156367.66,14.18,13.43
MKT-7394,Retargeting Push 2023,Instagram Ads,2023-10-07,2023-10-31,45-54,399440,17359,4.35,2.69,46695.71,857,4.94,84765.87,1.82,54.49
MKT-7395,Flash Sale 2023,LinkedIn Ads,2023-10-09,2023-11-17,55+,410312,3232,0.79,0.8,2585.6,74,2.29,5378.32,2.08,34.94
MKT-7396,Brand Awareness 2023,Instagram Ads,2023-10-09,2023-10-28,35-44,13119,478,3.65,2.42,1156.76,38,8.11,4344.54,3.76,30.44
MKT-7397,Flash Sale 2023,TikTok Ads,2023-10-10,2023-11-10,35-44,362420,14898,4.11,2.15,32030.7,1326,8.9,63979.5,2.0,24.16
MKT-7398,Spring Sale 2023,TikTok Ads,2023-10-11,2023-11-02,55+,156265,1316,0.84,3.16,4158.56,116,8.84,22448.32,5.4,35.85
MKT-7399,Flash Sale 2023,Google Ads,2023-10-11,2023-11-17,All Ages,128924,2719,2.11,3.46,9407.74,169,6.23,27697.41,2.94,55.67
MKT-7400,Brand Awareness 2023,TikTok Ads,2023-10-12,2023-11-26,18-24,159207,6748,4.24,1.61,10864.28,252,3.74,54953.64,5.06,43.11
MKT-7401,Spring Sale 2023,TikTok Ads,2023-10-13,2023-10-20,18-24,151454,6661,4.4,0.75,4995.75,111,1.67,20977.89,4.2,45.01
MKT-7402,Holiday Promo 2023,Google Ads,2023-10-13,2023-11-05,18-24,63796,785,1.23,1.87,1467.95,37,4.81,7764.82,5.29,39.67
MKT-7403,Lead Gen Sprint 2023,Google Ads,2023-10-13,2023-11-16,25-34,48222,413,0.86,3.42,1412.46,32,7.82,6108.48,4.32,44.14
MKT-7404,Lead Gen Sprint 2023,TikTok Ads,2023-10-14,2023-11-12,All Ages,488500,19175,3.93,1.52,29146.0,239,1.25,41361.34,1.42,121.95
MKT-7405,Holiday Promo 2023,Facebook Ads,2023-10-14,2023-11-20,All Ages,232968,1283,0.55,1.07,1372.81,13,1.06,1450.54,1.06,105.6
MKT-7406,Spring Sale 2023,LinkedIn Ads,2023-10-14,2023-11-21,35-44,293335,3461,1.18,0.97,3357.17,64,1.85,5434.88,1.62,52.46
MKT-7407,Lead Gen Sprint 2023,LinkedIn Ads,2023-10-14,2023-11-06,35-44,138642,4222,3.05,2.92,12328.24,130,3.09,22581.0,1.83,94.83
MKT-7408,Holiday Promo 2023,Instagram Ads,2023-10-16,2023-11-12,18-24,257469,7932,3.08,2.48,19671.36,554,6.99,34131.94,1.74,35.51
MKT-7409,New Product Drop 2023,Instagram Ads,2023-10-16,2023-11-15,18-24,73463,2356,3.21,0.41,965.96,196,8.35,13961.08,14.45,4.93
MKT-7410,Retargeting Push 2023,Instagram Ads,2023-10-16,2023-11-24,55+,369494,13796,3.73,2.53,34903.88,324,2.35,64388.52,1.84,107.73
MKT-7411,Brand Awareness 2023,Instagram Ads,2023-10-18,2023-11-16,55+,497338,19953,4.01,1.16,23145.48,861,4.32,56223.3,2.43,26.88
MKT-7412,Spring Sale 2023,Google Ads,2023-10-19,2023-11-24,18-24,238250,10302,4.32,0.55,5666.1,407,3.95,84749.61,14.96,13.92
MKT-7413,Back to School 2023,Google Ads,2023-10-20,2023-11-05,35-44,414073,12380,2.99,0.48,5942.4,204,1.65,21181.32,3.56,29.13
MKT-7414,Flash Sale 2023,Google Ads,2023-10-20,2023-11-25,All Ages,416162,7614,1.83,0.45,3426.3,640,8.42,49024.0,14.31,5.35
MKT-7415,Lead Gen Sprint 2023,LinkedIn Ads,2023-10-21,2023-11-17,55+,309050,5088,1.65,0.88,4477.44,391,7.7,19667.3,4.39,11.45
MKT-7416,New Product Drop 2023,Instagram Ads,2023-10-22,2023-12-02,18-24,407262,4143,1.02,0.82,3397.26,319,7.7,24237.62,7.13,10.65
MKT-7417,Spring Sale 2023,TikTok Ads,2023-10-22,2023-12-03,45-54,160062,4461,2.79,1.63,7271.43,156,3.5,30984.72,4.26,46.61
MKT-7418,Back to School 2023,Google Ads,2023-10-25,2023-11-13,18-24,104439,4091,3.92,3.51,14359.41,137,3.35,9392.72,0.65,104.81
MKT-7419,Summer Launch 2023,Instagram Ads,2023-10-25,2023-12-06,25-34,495963,18927,3.82,2.28,43153.56,870,4.6,142097.1,3.29,49.6
MKT-7420,Lead Gen Sprint 2023,LinkedIn Ads,2023-10-25,2023-12-02,55+,57307,1667,2.91,0.39,650.13,98,5.9,3088.96,4.75,6.63
MKT-7421,Lead Gen Sprint 2023,Facebook Ads,2023-10-26,2023-12-04,18-24,388087,7392,1.9,0.42,3104.64,149,2.02,17841.26,5.75,20.84
MKT-7422,Lead Gen Sprint 2023,Instagram Ads,2023-10-26,2023-11-05,35-44,427849,11938,2.79,1.31,15638.78,842,7.06,144537.72,9.24,18.57
MKT-7423,Retargeting Push 2023,Facebook Ads,2023-10-27,2023-11-08,All Ages,159333,5519,3.46,3.83,21137.77,409,7.41,86491.23,4.09,51.68
MKT-7424,Summer Launch 2023,Facebook Ads,2023-10-27,2023-12-02,18-24,423707,18960,4.47,3.39,64274.4,1300,6.86,120588.0,1.88,49.44
MKT-7425,Back to School 2023,Facebook Ads,2023-10-27,2023-12-02,55+,49266,1126,2.29,2.17,2443.42,24,2.2,5232.48,2.14,101.81
MKT-7426,Retargeting Push 2023,TikTok Ads,2023-10-28,2023-11-19,All Ages,488954,14069,2.88,3.09,43473.21,669,4.76,135412.29,3.11,64.98
MKT-7427,Summer Launch 2023,Facebook Ads,2023-10-28,2023-12-10,35-44,454250,12852,2.83,2.14,27503.28,406,3.17,26454.96,0.96,67.74
MKT-7428,Holiday Promo 2023,TikTok Ads,2023-10-29,2023-11-16,All Ages,75183,3362,4.47,2.93,9850.66,78,2.33,9154.08,0.93,126.29
MKT-7429,Spring Sale 2023,TikTok Ads,2023-10-29,2023-11-20,All Ages,483711,21259,4.39,1.25,26573.75,1514,7.12,127009.46,4.78,17.55
MKT-7430,Spring Sale 2023,TikTok Ads,2023-10-30,2023-12-14,18-24,491418,6307,1.28,2.83,17848.81,99,1.58,16839.9,0.94,180.29
MKT-7431,Spring Sale 2023,TikTok Ads,2023-10-31,2023-12-01,35-44,366609,15974,4.36,3.15,50318.1,556,3.48,69639.0,1.38,90.5
MKT-7432,Brand Awareness 2023,LinkedIn Ads,2023-11-01,2023-11-18,25-34,192215,2627,1.37,1.58,4150.66,29,1.11,2201.97,0.53,143.13
MKT-7433,Retargeting Push 2023,TikTok Ads,2023-11-02,2023-11-28,35-44,172192,4558,2.65,2.11,9617.38,404,8.88,47938.64,4.98,23.81
MKT-7434,Year-End Clearance 2023,Google Ads,2023-11-02,2023-12-12,All Ages,279175,10370,3.71,3.62,37539.4,599,5.79,80248.03,2.14,62.67
MKT-7435,Flash Sale 2023,Instagram Ads,2023-11-03,2023-11-27,18-24,344821,13728,3.98,0.75,10296.0,268,1.96,48028.28,4.66,38.42
MKT-7436,Year-End Clearance 2023,LinkedIn Ads,2023-11-04,2023-11-12,45-54,485586,4978,1.03,2.67,13291.26,245,4.92,17608.15,1.32,54.25
MKT-7437,Holiday Promo 2023,Facebook Ads,2023-11-04,2023-11-30,55+,285423,12541,4.39,2.03,25458.23,499,3.98,48108.59,1.89,51.02
MKT-7438,Lead Gen Sprint 2023,Google Ads,2023-11-04,2023-11-14,45-54,281507,4931,1.75,2.82,13905.42,438,8.89,93924.72,6.75,31.75
MKT-7439,Lead Gen Sprint 2023,Facebook Ads,2023-11-06,2023-11-14,25-34,53342,2145,4.02,1.56,3346.2,92,4.29,8142.92,2.43,36.37
MKT-7440,Retargeting Push 2023,LinkedIn Ads,2023-11-06,2023-12-16,All Ages,302235,13314,4.41,0.35,4659.9,691,5.19,136223.74,29.23,6.74
MKT-7441,Holiday Promo 2023,Facebook Ads,2023-11-06,2023-12-19,55+,87248,686,0.79,0.49,336.14,52,7.62,7120.36,21.18,6.46
MKT-7442,Spring Sale 2023,Google Ads,2023-11-07,2023-11-16,All Ages,74584,3113,4.17,1.5,4669.5,81,2.61,2200.77,0.47,57.65
MKT-7443,Retargeting Push 2023,Instagram Ads,2023-11-07,2023-11-22,25-34,24310,694,2.86,3.45,2394.3,57,8.25,11014.11,4.6,42.01
MKT-7444,Holiday Promo 2023,TikTok Ads,2023-11-08,2023-11-24,45-54,6280,185,2.96,2.89,534.65,12,6.55,2330.64,4.36,44.55
MKT-7445,Year-End Clearance 2023,Google Ads,2023-11-08,2023-11-25,18-24,155373,5989,3.85,0.97,5809.33,503,8.4,58287.64,10.03,11.55
MKT-7446,Brand Awareness 2023,Instagram Ads,2023-11-08,2023-12-17,55+,206783,4920,2.38,2.74,13480.8,115,2.34,25082.65,1.86,117.22
MKT-7447,Lead Gen Sprint 2023,Instagram Ads,2023-11-08,2023-12-17,35-44,67178,1023,1.52,2.46,2516.58,12,1.18,971.04,0.39,209.72
MKT-7448,Holiday Promo 2023,Google Ads,2023-11-08,2023-11-19,35-44,81241,1302,1.6,0.7,911.4,16,1.27,1047.84,1.15,56.96
MKT-7449,Brand Awareness 2023,LinkedIn Ads,2023-11-10,2023-11-17,All Ages,121529,4211,3.47,2.46,10359.06,289,6.87,39072.8,3.77,35.84
MKT-7450,Year-End Clearance 2023,Instagram Ads,2023-11-11,2023-12-15,35-44,437872,19562,4.47,2.75,53795.5,1221,6.24,138461.4,2.57,44.06
MKT-7451,Spring Sale 2023,Instagram Ads,2023-11-11,2023-11-25,45-54,227849,5314,2.33,0.98,5207.72,148,2.8,29302.52,5.63,35.19
MKT-7452,Retargeting Push 2023,Facebook Ads,2023-11-12,2023-12-27,25-34,357544,9649,2.7,1.33,12833.17,745,7.72,111958.6,8.72,17.23
MKT-7453,Brand Awareness 2023,LinkedIn Ads,2023-11-12,2023-12-05,55+,231424,9398,4.06,0.42,3947.16,736,7.84,43622.72,11.05,5.36
MKT-7454,Summer Launch 2023,Instagram Ads,2023-11-12,2023-11-30,25-34,381601,13419,3.52,3.75,50321.25,465,3.47,50596.65,1.01,108.22
MKT-7455,Retargeting Push 2023,Facebook Ads,2023-11-14,2023-12-25,All Ages,463454,16882,3.64,0.76,12830.32,1065,6.31,116947.65,9.11,12.05
MKT-7456,Summer Launch 2023,Instagram Ads,2023-11-15,2023-12-29,All Ages,117814,1282,1.09,3.13,4012.66,96,7.49,12844.8,3.2,41.8
MKT-7457,New Product Drop 2023,Instagram Ads,2023-11-15,2023-12-02,55+,127533,1594,1.25,1.8,2869.2,56,3.55,9400.72,3.28,51.24
MKT-7458,Summer Launch 2023,Google Ads,2023-11-15,2023-12-07,45-54,132876,3035,2.28,2.08,6312.8,49,1.64,10688.86,1.69,128.83
MKT-7459,New Product Drop 2023,LinkedIn Ads,2023-11-17,2023-12-24,35-44,123207,3058,2.48,2.74,8378.92,89,2.91,3299.23,0.39,94.15
MKT-7460,Summer Launch 2023,Google Ads,2023-11-19,2023-11-29,35-44,336348,7314,2.17,1.74,12726.36,512,7.01,16916.48,1.33,24.86
MKT-7461,Lead Gen Sprint 2023,Google Ads,2023-11-21,2024-01-03,35-44,206824,3146,1.52,1.96,6166.16,60,1.91,8789.4,1.43,102.77
MKT-7462,Retargeting Push 2023,Facebook Ads,2023-11-22,2024-01-06,18-24,442895,18990,4.29,3.22,61147.8,624,3.29,122784.48,2.01,97.99
MKT-7463,Spring Sale 2023,LinkedIn Ads,2023-11-24,2023-12-10,45-54,23307,351,1.51,0.97,340.47,18,5.14,3687.12,10.83,18.92
MKT-7464,Brand Awareness 2023,Instagram Ads,2023-11-24,2023-12-15,35-44,384145,2123,0.55,0.55,1167.65,55,2.62,2538.8,2.17,21.23
MKT-7465,Flash Sale 2023,Instagram Ads,2023-11-25,2023-12-03,25-34,120096,4842,4.03,1.77,8570.34,231,4.79,5872.02,0.69,37.1
MKT-7466,Retargeting Push 2023,Instagram Ads,2023-11-26,2023-12-03,45-54,441616,13431,3.04,2.5,33577.5,1194,8.89,147399.3,4.39,28.12
MKT-7467,Brand Awareness 2023,LinkedIn Ads,2023-11-27,2023-12-04,18-24,170058,3709,2.18,0.81,3004.29,160,4.32,4848.0,1.61,18.78
MKT-7468,Lead Gen Sprint 2023,TikTok Ads,2023-11-28,2024-01-08,18-24,371086,16542,4.46,3.14,51941.88,1366,8.26,127119.96,2.45,38.02
MKT-7469,New Product Drop 2023,Facebook Ads,2023-11-28,2023-12-20,25-34,424846,4743,1.12,0.85,4031.55,363,7.65,40891.95,10.14,11.11
MKT-7470,Brand Awareness 2023,Google Ads,2023-11-28,2024-01-06,55+,312675,9251,2.96,2.02,18687.02,383,4.14,42421.08,2.27,48.79
MKT-7471,Back to School 2023,Facebook Ads,2023-11-28,2023-12-16,55+,360827,10571,2.93,3.97,41966.87,726,6.87,124893.78,2.98,57.81
MKT-7472,Summer Launch 2023,TikTok Ads,2023-11-29,2023-12-12,45-54,216176,1762,0.82,2.65,4669.3,123,7.01,6733.02,1.44,37.96
MKT-7473,Holiday Promo 2023,LinkedIn Ads,2023-11-29,2024-01-06,55+,98720,2649,2.68,0.75,1986.75,45,1.73,3433.95,1.73,44.15
MKT-7474,Summer Launch 2023,LinkedIn Ads,2023-11-29,2023-12-20,35-44,285003,3912,1.37,1.18,4616.16,91,2.33,13113.1,2.84,50.73
MKT-7475,Summer Launch 2023,Facebook Ads,2023-11-29,2024-01-07,45-54,158283,4759,3.01,0.45,2141.55,155,3.27,19495.9,9.1,13.82
MKT-7476,Year-End Clearance 2023,Facebook Ads,2023-11-30,2024-01-13,All Ages,155414,2571,1.65,1.33,3419.43,29,1.16,2530.54,0.74,117.91
MKT-7477,Back to School 2023,LinkedIn Ads,2023-11-30,2023-12-11,45-54,236702,9841,4.16,2.28,22437.48,203,2.07,5706.33,0.25,110.53
MKT-7478,New Product Drop 2023,Facebook Ads,2023-12-01,2023-12-10,45-54,358235,4172,1.16,1.43,5965.96,103,2.49,11223.91,1.88,57.92
MKT-7479,Retargeting Push 2023,TikTok Ads,2023-12-02,2024-01-02,35-44,468679,10656,2.27,3.48,37082.88,810,7.61,32383.8,0.87,45.78
MKT-7480,Flash Sale 2023,Facebook Ads,2023-12-02,2023-12-31,55+,114237,2573,2.25,3.86,9931.78,159,6.18,19529.97,1.97,62.46
MKT-7481,Brand Awareness 2023,LinkedIn Ads,2023-12-05,2024-01-11,25-34,57536,1596,2.77,2.84,4532.64,72,4.57,13641.12,3.01,62.95
MKT-7482,New Product Drop 2023,Google Ads,2023-12-06,2023-12-25,25-34,446162,9394,2.11,0.68,6387.92,374,3.99,51391.34,8.05,17.08
MKT-7483,Spring Sale 2023,LinkedIn Ads,2023-12-06,2023-12-23,45-54,447022,19817,4.43,1.6,31707.2,1696,8.56,78338.24,2.47,18.7
MKT-7484,Flash Sale 2023,Facebook Ads,2023-12-06,2024-01-06,45-54,303214,9827,3.24,3.65,35868.55,490,4.99,94707.2,2.64,73.2
MKT-7485,New Product Drop 2023,Facebook Ads,2023-12-06,2024-01-02,18-24,77784,2424,3.12,1.88,4557.12,147,6.08,5891.76,1.29,31.0
MKT-7486,Retargeting Push 2023,TikTok Ads,2023-12-07,2024-01-02,45-54,19337,436,2.26,4.05,1765.8,7,1.64,895.3,0.51,252.26
MKT-7487,New Product Drop 2023,TikTok Ads,2023-12-07,2023-12-15,45-54,411733,12190,2.96,1.5,18285.0,560,4.6,92108.8,5.04,32.65
MKT-7488,New Product Drop 2023,LinkedIn Ads,2023-12-08,2023-12-28,35-44,395977,7997,2.02,3.51,28069.47,504,6.31,83018.88,2.96,55.69
MKT-7489,Lead Gen Sprint 2023,Facebook Ads,2023-12-10,2023-12-31,25-34,415913,11651,2.8,3.29,38331.79,231,1.98,29117.55,0.76,165.94
MKT-7490,New Product Drop 2023,TikTok Ads,2023-12-10,2024-01-15,55+,109458,1159,1.06,2.69,3117.71,83,7.18,9685.27,3.11,37.56
MKT-7491,Year-End Clearance 2023,Google Ads,2023-12-10,2024-01-10,45-54,354763,3640,1.03,2.23,8117.2,159,4.37,25150.62,3.1,51.05
MKT-7492,Back to School 2023,Instagram Ads,2023-12-12,2024-01-01,35-44,322105,3704,1.15,3.4,12593.6,44,1.2,5666.32,0.45,286.22
MKT-7493,Year-End Clearance 2023,TikTok Ads,2023-12-14,2023-12-24,18-24,69498,873,1.26,2.51,2191.23,29,3.42,842.16,0.38,75.56
MKT-7494,Summer Launch 2023,LinkedIn Ads,2023-12-14,2023-12-21,All Ages,10353,393,3.8,1.53,601.29,17,4.55,560.49,0.93,35.37
MKT-7495,Year-End Clearance 2023,TikTok Ads,2023-12-15,2024-01-25,55+,406134,4272,1.05,2.4,10252.8,257,6.02,52952.28,5.16,39.89
MKT-7496,Spring Sale 2023,Instagram Ads,2023-12-16,2024-01-02,25-34,286423,3407,1.19,0.85,2895.95,198,5.84,39999.96,13.81,14.63
MKT-7497,Spring Sale 2023,Facebook Ads,2023-12-16,2024-01-26,All Ages,95927,3209,3.35,2.74,8792.66,203,6.36,13304.62,1.51,43.31
MKT-7498,Back to School 2023,Instagram Ads,2023-12-16,2023-12-27,25-34,237222,5913,2.49,2.27,13422.51,198,3.35,29460.42,2.19,67.79
MKT-7499,Year-End Clearance 2023,Facebook Ads,2023-12-18,2024-01-21,45-54,150035,3526,2.35,3.51,12376.26,158,4.51,20846.52,1.68,78.33
MKT-7500,New Product Drop 2023,TikTok Ads,2023-12-18,2023-12-27,55+,405482,5546,1.37,1.01,5601.46,408,7.36,77413.92,13.82,13.73
MKT-7501,Summer Launch 2023,Google Ads,2023-12-18,2024-01-16,45-54,465729,17500,3.76,1.1,19250.0,1275,7.29,277465.5,14.41,15.1
MKT-7502,Brand Awareness 2023,Google Ads,2023-12-20,2024-01-31,55+,144042,2552,1.77,1.27,3241.04,31,1.23,6328.03,1.95,104.55
MKT-7503,Flash Sale 2023,Google Ads,2023-12-20,2024-01-14,25-34,50950,1844,3.62,3.52,6490.88,22,1.24,2204.18,0.34,295.04
MKT-7504,Spring Sale 2023,TikTok Ads,2023-12-21,2024-01-29,All Ages,433715,7608,1.75,3.87,29442.96,269,3.54,25092.32,0.85,109.45
MKT-7505,Lead Gen Sprint 2023,Google Ads,2023-12-21,2024-01-06,25-34,302769,9110,3.01,1.76,16033.6,800,8.79,168688.0,10.52,20.04
MKT-7506,Flash Sale 2023,Instagram Ads,2023-12-21,2024-01-29,18-24,143040,913,0.64,4.1,3743.3,31,3.42,3534.93,0.94,120.75
MKT-7507,Lead Gen Sprint 2023,Instagram Ads,2023-12-22,2024-01-08,18-24,218403,5572,2.55,0.47,2618.84,125,2.26,7368.75,2.81,20.95
MKT-7508,Spring Sale 2023,Google Ads,2023-12-22,2024-01-01,18-24,282593,9325,3.3,0.67,6247.75,633,6.79,87341.34,13.98,9.87
MKT-7509,New Product Drop 2023,Instagram Ads,2023-12-23,2024-02-02,45-54,327746,1838,0.56,1.95,3584.1,65,3.56,11924.9,3.33,55.14
MKT-7510,Holiday Promo 2023,Facebook Ads,2023-12-24,2024-01-18,55+,102716,3225,3.14,2.22,7159.5,75,2.34,11165.25,1.56,95.46
MKT-7511,Year-End Clearance 2023,Instagram Ads,2023-12-24,2024-01-18,25-34,462088,4176,0.9,4.16,17372.16,121,2.92,26461.49,1.52,143.57
MKT-7512,Brand Awareness 2023,Facebook Ads,2023-12-26,2024-01-11,25-34,26265,230,0.88,3.22,740.6,12,5.24,1796.04,2.43,61.72
MKT-7513,Year-End Clearance 2023,Facebook Ads,2023-12-27,2024-01-27,18-24,323325,10686,3.31,2.28,24364.08,695,6.51,36466.65,1.5,35.06
MKT-7514,Lead Gen Sprint 2023,Instagram Ads,2023-12-27,2024-02-03,35-44,241588,4248,1.76,0.45,1911.6,344,8.12,43505.68,22.76,5.56
MKT-7515,Back to School 2023,Instagram Ads,2023-12-29,2024-02-08,25-34,20639,578,2.8,3.92,2265.76,31,5.52,2044.14,0.9,73.09
MKT-7516,Flash Sale 2023,LinkedIn Ads,2023-12-30,2024-01-30,55+,311343,7921,2.54,1.12,8871.52,335,4.24,18498.7,2.09,26.48
MKT-7517,Summer Launch 2023,TikTok Ads,2023-12-31,2024-01-08,All Ages,445125,12396,2.78,2.59,32105.64,415,3.35,90100.65,2.81,77.36
MKT-7518,Back to School 2024,Google Ads,2024-01-02,2024-01-12,25-34,246370,6965,2.83,0.36,2507.4,264,3.8,56361.36,22.48,9.5
MKT-7519,Year-End Clearance 2024,Instagram Ads,2024-01-02,2024-01-29,18-24,62276,2799,4.49,1.35,3778.65,133,4.76,11818.38,3.13,28.41
MKT-7520,Back to School 2024,LinkedIn Ads,2024-01-02,2024-01-15,55+,133785,3881,2.9,1.6,6209.6,136,3.52,7167.2,1.15,45.66
MKT-7521,Retargeting Push 2024,Facebook Ads,2024-01-03,2024-01-10,45-54,466921,9996,2.14,0.35,3498.6,224,2.25,11188.8,3.2,15.62
MKT-7522,Holiday Promo 2024,TikTok Ads,2024-01-03,2024-01-12,35-44,81222,947,1.17,3.49,3305.03,27,2.91,4437.72,1.34,122.41
MKT-7523,Summer Launch 2024,LinkedIn Ads,2024-01-03,2024-02-02,18-24,187775,3517,1.87,0.8,2813.6,244,6.94,6893.0,2.45,11.53
MKT-7524,Lead Gen Sprint 2024,TikTok Ads,2024-01-04,2024-02-18,25-34,51482,430,0.84,1.09,468.7,31,7.32,5579.69,11.9,15.12
MKT-7525,Holiday Promo 2024,TikTok Ads,2024-01-04,2024-01-23,35-44,488121,5707,1.17,3.5,19974.5,382,6.7,33826.1,1.69,52.29
MKT-7526,New Product Drop 2024,Google Ads,2024-01-05,2024-01-27,All Ages,51098,648,1.27,0.96,622.08,27,4.3,3797.01,6.1,23.04
MKT-7527,Back to School 2024,Google Ads,2024-01-05,2024-01-13,45-54,145440,2560,1.76,3.63,9292.8,36,1.41,1666.8,0.18,258.13
MKT-7528,Summer Launch 2024,Facebook Ads,2024-01-06,2024-02-04,45-54,430392,6947,1.61,0.59,4098.73,580,8.36,42815.6,10.45,7.07
MKT-7529,Holiday Promo 2024,Facebook Ads,2024-01-06,2024-02-13,25-34,270437,3287,1.22,2.96,9729.52,178,5.43,26206.94,2.69,54.66
MKT-7530,Holiday Promo 2024,TikTok Ads,2024-01-07,2024-02-04,All Ages,165319,4307,2.61,3.33,14342.31,329,7.65,44062.97,3.07,43.59
MKT-7531,Spring Sale 2024,TikTok Ads,2024-01-08,2024-02-16,All Ages,66473,716,1.08,3.01,2155.16,8,1.23,1521.12,0.71,269.39
MKT-7532,Flash Sale 2024,TikTok Ads,2024-01-08,2024-01-17,45-54,434907,2637,0.61,1.46,3850.02,37,1.42,1931.03,0.5,104.05
MKT-7533,Holiday Promo 2024,Facebook Ads,2024-01-08,2024-02-11,All Ages,115739,993,0.86,2.48,2462.64,51,5.21,1391.28,0.56,48.29
MKT-7534,Retargeting Push 2024,LinkedIn Ads,2024-01-10,2024-01-27,55+,181557,4710,2.59,0.49,2307.9,376,7.99,31700.56,13.74,6.14
MKT-7535,Brand Awareness 2024,Google Ads,2024-01-10,2024-01-27,35-44,105527,4705,4.46,1.58,7433.9,301,6.41,28456.54,3.83,24.7
MKT-7536,Back to School 2024,Facebook Ads,2024-01-10,2024-02-19,18-24,235030,4298,1.83,4.17,17922.66,296,6.9,24887.68,1.39,60.55
MKT-7537,Back to School 2024,Google Ads,2024-01-10,2024-02-21,18-24,265959,1852,0.7,2.65,4907.8,22,1.21,3545.52,0.72,223.08
MKT-7538,Year-End Clearance 2024,Facebook Ads,2024-01-12,2024-02-07,All Ages,327322,3012,0.92,1.92,5783.04,204,6.8,32862.36,5.68,28.35
MKT-7539,Summer Launch 2024,Facebook Ads,2024-01-12,2024-02-07,35-44,458530,7217,1.57,3.51,25331.67,205,2.84,21910.4,0.86,123.57
MKT-7540,New Product Drop 2024,Facebook Ads,2024-01-13,2024-02-08,55+,419857,12049,2.87,0.64,7711.36,1043,8.66,27879.39,3.62,7.39
MKT-7541,Brand Awareness 2024,TikTok Ads,2024-01-14,2024-02-04,35-44,119048,4857,4.08,3.03,14716.71,346,7.14,34856.04,2.37,42.53
MKT-7542,Summer Launch 2024,Instagram Ads,2024-01-15,2024-02-29,55+,333909,14356,4.3,3.46,49671.76,1244,8.67,226457.76,4.56,39.93
MKT-7543,Lead Gen Sprint 2024,Facebook Ads,2024-01-15,2024-02-05,55+,175457,2343,1.34,1.37,3209.91,201,8.58,35082.54,10.93,15.97
MKT-7544,Back to School 2024,Instagram Ads,2024-01-16,2024-02-20,45-54,267847,8990,3.36,3.29,29577.1,776,8.64,80804.88,2.73,38.11
MKT-7545,Year-End Clearance 2024,Google Ads,2024-01-16,2024-02-24,45-54,347210,2989,0.86,3.98,11896.22,171,5.72,18575.73,1.56,69.57
MKT-7546,New Product Drop 2024,TikTok Ads,2024-01-16,2024-02-15,18-24,149644,5082,3.4,2.03,10316.46,148,2.92,30522.04,2.96,69.71
MKT-7547,Brand Awareness 2024,Google Ads,2024-01-17,2024-02-08,All Ages,278473,4964,1.78,3.29,16331.56,99,1.99,12110.67,0.74,164.97
MKT-7548,Spring Sale 2024,Facebook Ads,2024-01-18,2024-02-07,55+,298856,11415,3.82,1.78,20318.7,429,3.76,32775.6,1.61,47.36
MKT-7549,New Product Drop 2024,Facebook Ads,2024-01-18,2024-02-07,45-54,428240,11984,2.8,2.64,31637.76,416,3.48,53214.72,1.68,76.05
MKT-7550,Retargeting Push 2024,Facebook Ads,2024-01-19,2024-02-17,25-34,370883,13775,3.71,1.78,24519.5,254,1.85,50835.56,2.07,96.53
MKT-7551,Retargeting Push 2024,Google Ads,2024-01-19,2024-02-16,45-54,33685,410,1.22,1.82,746.2,26,6.38,1908.92,2.56,28.7
MKT-7552,Back to School 2024,LinkedIn Ads,2024-01-20,2024-02-21,All Ages,275829,5966,2.16,4.02,23983.32,121,2.04,15155.25,0.63,198.21
MKT-7553,Spring Sale 2024,LinkedIn Ads,2024-01-20,2024-02-27,18-24,153180,2933,1.92,0.9,2639.7,67,2.32,9162.92,3.47,39.4
MKT-7554,Lead Gen Sprint 2024,Google Ads,2024-01-21,2024-02-17,55+,298202,12683,4.25,2.74,34751.42,503,3.97,104669.27,3.01,69.09
MKT-7555,New Product Drop 2024,Google Ads,2024-01-22,2024-02-27,25-34,411468,10855,2.64,0.69,7489.95,683,6.3,34962.77,4.67,10.97
MKT-7556,Flash Sale 2024,Google Ads,2024-01-22,2024-03-03,55+,126025,4019,3.19,2.63,10569.97,152,3.78,19500.08,1.84,69.54
MKT-7557,Summer Launch 2024,Google Ads,2024-01-22,2024-01-31,55+,122405,2177,1.78,1.87,4070.99,158,7.29,4305.5,1.06,25.77
MKT-7558,Back to School 2024,Google Ads,2024-01-22,2024-02-25,55+,274606,6472,2.36,3.95,25564.4,217,3.36,36254.19,1.42,117.81
MKT-7559,Holiday Promo 2024,LinkedIn Ads,2024-01-22,2024-02-13,45-54,300290,8051,2.68,3.43,27614.93,267,3.32,9032.61,0.33,103.43
MKT-7560,Retargeting Push 2024,Facebook Ads,2024-01-23,2024-02-24,All Ages,251440,5725,2.28,0.86,4923.5,171,2.99,20290.86,4.12,28.79
MKT-7561,Brand Awareness 2024,TikTok Ads,2024-01-24,2024-02-20,45-54,98917,3198,3.23,3.43,10969.14,158,4.96,24864.46,2.27,69.42
MKT-7562,Back to School 2024,Google Ads,2024-01-25,2024-02-11,55+,31070,727,2.34,1.29,937.83,50,6.96,8971.0,9.57,18.76
MKT-7563,Brand Awareness 2024,LinkedIn Ads,2024-01-25,2024-02-10,18-24,240160,5664,2.36,1.62,9175.68,438,7.75,19745.04,2.15,20.95
MKT-7564,Retargeting Push 2024,Google Ads,2024-01-25,2024-02-08,18-24,379850,10958,2.88,2.99,32764.42,353,3.22,18183.03,0.55,92.82
MKT-7565,Flash Sale 2024,Facebook Ads,2024-01-25,2024-03-03,25-34,137370,819,0.6,1.21,990.99,8,1.02,745.84,0.75,123.87
MKT-7566,Year-End Clearance 2024,LinkedIn Ads,2024-01-27,2024-02-16,45-54,468176,5118,1.09,0.73,3736.14,421,8.24,74790.65,20.02,8.87
MKT-7567,Back to School 2024,TikTok Ads,2024-01-27,2024-02-26,55+,483671,8971,1.85,1.45,13007.95,530,5.91,111119.8,8.54,24.54
MKT-7568,Retargeting Push 2024,Instagram Ads,2024-01-28,2024-02-19,All Ages,425266,13779,3.24,1.02,14054.58,1133,8.22,206761.17,14.71,12.4
MKT-7569,New Product Drop 2024,Facebook Ads,2024-01-28,2024-02-15,All Ages,437554,7492,1.71,4.17,31241.64,255,3.41,14073.45,0.45,122.52
MKT-7570,Summer Launch 2024,Instagram Ads,2024-01-29,2024-03-14,25-34,422738,16804,3.98,2.2,36968.8,1325,7.89,69019.25,1.87,27.9
MKT-7571,Back to School 2024,LinkedIn Ads,2024-01-30,2024-03-10,All Ages,328550,12082,3.68,3.75,45307.5,461,3.82,22178.71,0.49,98.28
MKT-7572,Flash Sale 2024,Google Ads,2024-01-31,2024-02-20,45-54,336296,14970,4.45,2.6,38922.0,1325,8.85,252333.0,6.48,29.38
MKT-7573,Spring Sale 2024,LinkedIn Ads,2024-02-02,2024-03-14,45-54,61989,2538,4.09,2.02,5126.76,65,2.57,11411.4,2.23,78.87
MKT-7574,Back to School 2024,Google Ads,2024-02-02,2024-03-02,45-54,475237,6304,1.33,1.37,8636.48,276,4.38,13388.76,1.55,31.29
MKT-7575,Lead Gen Sprint 2024,Facebook Ads,2024-02-02,2024-03-08,55+,122383,1395,1.14,1.14,1590.3,72,5.23,13596.48,8.55,22.09
MKT-7576,Holiday Promo 2024,Facebook Ads,2024-02-03,2024-02-17,All Ages,139712,5987,4.29,1.82,10896.34,296,4.96,32071.6,2.94,36.81
MKT-7577,Summer Launch 2024,Google Ads,2024-02-03,2024-03-09,55+,452008,5160,1.14,0.45,2322.0,357,6.93,9724.68,4.19,6.5
MKT-7578,Year-End Clearance 2024,LinkedIn Ads,2024-02-04,2024-02-23,18-24,272306,5768,2.12,4.01,23129.68,215,3.73,30929.9,1.34,107.58
MKT-7579,Spring Sale 2024,Instagram Ads,2024-02-06,2024-02-20,35-44,227479,2885,1.27,2.62,7558.7,151,5.25,26459.73,3.5,50.06
MKT-7580,Back to School 2024,Google Ads,2024-02-06,2024-03-14,45-54,202289,1433,0.71,1.88,2694.04,120,8.4,3948.0,1.47,22.45
MKT-7581,Year-End Clearance 2024,TikTok Ads,2024-02-09,2024-03-18,18-24,178914,2497,1.4,0.78,1947.66,184,7.41,11803.6,6.06,10.59
MKT-7582,Year-End Clearance 2024,LinkedIn Ads,2024-02-09,2024-03-16,All Ages,365619,12111,3.31,2.85,34516.35,513,4.24,27568.62,0.8,67.28
MKT-7583,Lead Gen Sprint 2024,Facebook Ads,2024-02-09,2024-03-23,All Ages,142753,3712,2.6,2.97,11024.64,122,3.3,7933.66,0.72,90.37
MKT-7584,New Product Drop 2024,Facebook Ads,2024-02-10,2024-03-02,All Ages,151482,4688,3.09,4.04,18939.52,200,4.28,32208.0,1.7,94.7
MKT-7585,Year-End Clearance 2024,Instagram Ads,2024-02-11,2024-02-20,55+,114704,788,0.69,3.8,2994.4,62,7.97,13481.28,4.5,48.3
MKT-7586,Brand Awareness 2024,Instagram Ads,2024-02-11,2024-03-09,18-24,318594,4578,1.44,0.99,4532.22,355,7.77,16823.45,3.71,12.77
MKT-7587,Flash Sale 2024,Instagram Ads,2024-02-12,2024-03-10,55+,398262,13293,3.34,2.66,35359.38,686,5.17,128240.84,3.63,51.54
MKT-7588,Year-End Clearance 2024,TikTok Ads,2024-02-12,2024-03-23,18-24,23908,724,3.03,2.52,1824.48,63,8.7,8493.03,4.66,28.96
MKT-7589,Summer Launch 2024,Instagram Ads,2024-02-12,2024-03-02,35-44,11487,193,1.68,0.35,67.55,10,5.39,2176.7,32.22,6.75
MKT-7590,Holiday Promo 2024,Google Ads,2024-02-13,2024-03-29,45-54,441465,16199,3.67,0.5,8099.5,1363,8.42,154823.17,19.12,5.94
MKT-7591,Summer Launch 2024,Instagram Ads,2024-02-15,2024-02-24,45-54,340371,9548,2.81,1.92,18332.16,505,5.3,49187.0,2.68,36.3
MKT-7592,Spring Sale 2024,Facebook Ads,2024-02-15,2024-03-24,45-54,320987,6721,2.09,1.82,12232.22,387,5.77,55998.9,4.58,31.61
MKT-7593,Year-End Clearance 2024,Google Ads,2024-02-16,2024-03-28,All Ages,314641,11157,3.55,3.38,37710.66,499,4.48,81287.1,2.16,75.57
MKT-7594,Retargeting Push 2024,LinkedIn Ads,2024-02-16,2024-03-24,55+,455928,17399,3.82,1.05,18268.95,1336,7.68,39625.76,2.17,13.67
MKT-7595,Spring Sale 2024,Facebook Ads,2024-02-17,2024-03-31,25-34,229870,3880,1.69,3.44,13347.2,197,5.08,6445.84,0.48,67.75
MKT-7596,Spring Sale 2024,Google Ads,2024-02-17,2024-03-23,18-24,132320,3150,2.38,1.45,4567.5,91,2.91,16601.13,3.63,50.19
MKT-7597,New Product Drop 2024,LinkedIn Ads,2024-02-18,2024-03-05,35-44,345825,8611,2.49,1.08,9299.88,369,4.3,62039.97,6.67,25.2
MKT-7598,Retargeting Push 2024,Facebook Ads,2024-02-19,2024-03-15,25-34,220917,7766,3.52,0.91,7067.06,694,8.94,114732.08,16.23,10.18
MKT-7599,Back to School 2024,Facebook Ads,2024-02-19,2024-03-07,45-54,215615,8664,4.02,1.73,14988.72,152,1.76,28148.88,1.88,98.61
MKT-7600,Brand Awareness 2024,Facebook Ads,2024-02-20,2024-02-27,All Ages,29060,1168,4.02,3.24,3784.32,100,8.63,16954.0,4.48,37.84
MKT-7601,Back to School 2024,Instagram Ads,2024-02-20,2024-03-24,45-54,466804,8015,1.72,1.26,10098.9,502,6.28,58774.16,5.82,20.12
MKT-7602,Flash Sale 2024,TikTok Ads,2024-02-21,2024-03-19,25-34,301691,11310,3.75,3.85,43543.5,729,6.45,139136.94,3.2,59.73
MKT-7603,Spring Sale 2024,TikTok Ads,2024-02-21,2024-03-12,All Ages,472495,15025,3.18,0.83,12470.75,675,4.49,134007.75,10.75,18.48
MKT-7604,Retargeting Push 2024,Facebook Ads,2024-02-22,2024-03-17,All Ages,7551,285,3.79,2.27,646.95,8,3.13,1262.16,1.95,80.87
MKT-7605,Retargeting Push 2024,Google Ads,2024-02-23,2024-04-07,35-44,82742,2952,3.57,0.77,2273.04,101,3.45,20156.57,8.87,22.51
MKT-7606,Brand Awareness 2024,Facebook Ads,2024-02-23,2024-04-03,35-44,181361,3278,1.81,0.57,1868.46,238,7.27,35050.26,18.76,7.85
MKT-7607,Brand Awareness 2024,TikTok Ads,2024-02-24,2024-04-07,18-24,95067,853,0.9,0.82,699.46,73,8.67,10887.95,15.57,9.58
MKT-7608,Spring Sale 2024,TikTok Ads,2024-02-25,2024-03-07,18-24,414255,10598,2.56,1.98,20984.04,299,2.82,46084.87,2.2,70.18
MKT-7609,Brand Awareness 2024,TikTok Ads,2024-02-25,2024-03-07,All Ages,465174,9458,2.03,2.31,21847.98,485,5.13,72376.55,3.31,45.05
MKT-7610,Spring Sale 2024,Google Ads,2024-02-27,2024-03-20,55+,446638,5602,1.25,3.0,16806.0,145,2.59,8114.2,0.48,115.9
MKT-7611,Spring Sale 2024,Instagram Ads,2024-02-27,2024-03-28,45-54,408381,4266,1.04,2.06,8787.96,342,8.03,26812.8,3.05,25.7
MKT-7612,Lead Gen Sprint 2024,Facebook Ads,2024-02-28,2024-03-18,55+,253149,8097,3.2,2.14,17327.58,325,4.02,28860.0,1.67,53.32
MKT-7613,New Product Drop 2024,Facebook Ads,2024-02-29,2024-03-22,45-54,283805,7351,2.59,3.02,22200.02,373,5.08,14323.2,0.65,59.52
MKT-7614,Back to School 2024,Facebook Ads,2024-02-29,2024-04-11,55+,447733,6610,1.48,1.83,12096.3,374,5.66,75050.58,6.2,32.34
MKT-7615,Year-End Clearance 2024,Instagram Ads,2024-02-29,2024-03-19,55+,275289,4101,1.49,2.51,10293.51,232,5.67,28552.24,2.77,44.37
MKT-7616,Spring Sale 2024,Facebook Ads,2024-03-01,2024-03-18,35-44,323473,4501,1.39,2.64,11882.64,119,2.65,6636.63,0.56,99.85
MKT-7617,Year-End Clearance 2024,Facebook Ads,2024-03-02,2024-03-13,45-54,311152,11756,3.78,3.43,40323.08,854,7.27,92795.64,2.3,47.22
MKT-7618,Brand Awareness 2024,Google Ads,2024-03-02,2024-03-20,25-34,244210,8628,3.53,1.79,15444.12,569,6.61,16808.26,1.09,27.14
MKT-7619,Retargeting Push 2024,Facebook Ads,2024-03-04,2024-03-30,25-34,21327,239,1.12,4.06,970.34,5,2.51,911.95,0.94,194.07
MKT-7620,Retargeting Push 2024,Google Ads,2024-03-06,2024-03-28,45-54,268881,9290,3.46,1.69,15700.1,556,5.99,80475.44,5.13,28.24
MKT-7621,Flash Sale 2024,Google Ads,2024-03-07,2024-04-08,45-54,349565,8428,2.41,1.86,15676.08,254,3.02,30050.74,1.92,61.72
MKT-7622,Holiday Promo 2024,Facebook Ads,2024-03-07,2024-04-13,35-44,370296,14567,3.93,0.53,7720.51,349,2.4,63046.85,8.17,22.12
MKT-7623,Brand Awareness 2024,TikTok Ads,2024-03-07,2024-04-04,25-34,135580,3648,2.69,3.31,12074.88,71,1.96,4820.19,0.4,170.07
MKT-7624,Summer Launch 2024,LinkedIn Ads,2024-03-07,2024-03-29,18-24,380172,2444,0.64,2.61,6378.84,57,2.34,4296.66,0.67,111.91
MKT-7625,New Product Drop 2024,Instagram Ads,2024-03-07,2024-03-14,All Ages,365140,5222,1.43,2.16,11279.52,274,5.27,34370.56,3.05,41.17
MKT-7626,Year-End Clearance 2024,TikTok Ads,2024-03-08,2024-04-07,25-34,13804,146,1.06,0.5,73.0,2,1.77,330.48,4.53,36.5
MKT-7627,Lead Gen Sprint 2024,Google Ads,2024-03-08,2024-03-21,18-24,184930,6922,3.74,1.31,9067.82,610,8.82,77811.6,8.58,14.87
MKT-7628,New Product Drop 2024,TikTok Ads,2024-03-08,2024-04-14,45-54,489615,6543,1.34,2.12,13871.16,417,6.39,59430.84,4.28,33.26
MKT-7629,New Product Drop 2024,TikTok Ads,2024-03-09,2024-03-20,All Ages,202442,3948,1.95,4.17,16463.16,150,3.81,6160.5,0.37,109.75
MKT-7630,Retargeting Push 2024,Facebook Ads,2024-03-09,2024-03-18,25-34,360125,12937,3.59,0.96,12419.52,959,7.41,135995.79,10.95,12.95
MKT-7631,Year-End Clearance 2024,Google Ads,2024-03-10,2024-04-16,35-44,444129,17050,3.84,2.61,44500.5,710,4.17,137590.9,3.09,62.68
MKT-7632,Brand Awareness 2024,TikTok Ads,2024-03-12,2024-04-15,18-24,299582,6810,2.27,4.02,27376.2,69,1.02,3235.41,0.12,396.76
MKT-7633,Summer Launch 2024,Facebook Ads,2024-03-16,2024-04-02,45-54,201986,8360,4.14,1.89,15800.4,173,2.07,33840.53,2.14,91.33
MKT-7634,Spring Sale 2024,LinkedIn Ads,2024-03-16,2024-04-05,18-24,472783,12821,2.71,2.85,36539.85,548,4.28,17914.12,0.49,66.68
MKT-7635,Summer Launch 2024,LinkedIn Ads,2024-03-17,2024-04-18,18-24,247445,2298,0.93,1.63,3745.74,84,3.69,3094.56,0.83,44.59
MKT-7636,Lead Gen Sprint 2024,LinkedIn Ads,2024-03-17,2024-04-17,35-44,7398,107,1.45,2.26,241.82,8,8.19,1555.28,6.43,30.23
MKT-7637,Retargeting Push 2024,Google Ads,2024-03-17,2024-03-24,25-34,296177,10645,3.59,0.56,5961.2,943,8.86,23744.74,3.98,6.32
MKT-7638,New Product Drop 2024,LinkedIn Ads,2024-03-17,2024-04-17,45-54,401178,3760,0.94,0.72,2707.2,154,4.12,14375.9,5.31,17.58
MKT-7639,Retargeting Push 2024,LinkedIn Ads,2024-03-17,2024-04-30,55+,412466,12120,2.94,2.12,25694.4,598,4.94,109093.14,4.25,42.97
MKT-7640,New Product Drop 2024,TikTok Ads,2024-03-18,2024-04-30,25-34,485986,9323,1.92,3.83,35707.09,826,8.86,181538.28,5.08,43.23
MKT-7641,Lead Gen Sprint 2024,Facebook Ads,2024-03-18,2024-03-28,35-44,401356,11315,2.82,2.22,25119.3,927,8.2,53849.43,2.14,27.1
MKT-7642,Holiday Promo 2024,Google Ads,2024-03-18,2024-04-28,55+,415421,2806,0.68,3.54,9933.24,116,4.15,9150.08,0.92,85.63
MKT-7643,Holiday Promo 2024,Facebook Ads,2024-03-18,2024-05-02,All Ages,230690,9902,4.29,2.97,29408.94,542,5.48,98009.86,3.33,54.26
MKT-7644,Lead Gen Sprint 2024,Instagram Ads,2024-03-19,2024-04-20,25-34,451657,19758,4.37,0.6,11854.8,757,3.83,98833.92,8.34,15.66
MKT-7645,Flash Sale 2024,Google Ads,2024-03-19,2024-03-27,All Ages,51286,1707,3.33,2.0,3414.0,136,8.01,9685.92,2.84,25.1
MKT-7646,Brand Awareness 2024,Instagram Ads,2024-03-20,2024-04-14,25-34,91778,3382,3.69,2.94,9943.08,187,5.56,14329.81,1.44,53.17
MKT-7647,Flash Sale 2024,Instagram Ads,2024-03-21,2024-04-29,25-34,9054,251,2.78,3.19,800.69,14,5.9,1477.98,1.85,57.19
MKT-7648,Year-End Clearance 2024,Google Ads,2024-03-21,2024-04-05,All Ages,102253,3900,3.81,3.48,13572.0,287,7.38,55844.46,4.11,47.29
MKT-7649,Holiday Promo 2024,TikTok Ads,2024-03-21,2024-05-05,35-44,54768,2034,3.71,3.6,7322.4,88,4.33,16358.32,2.23,83.21
MKT-7650,Holiday Promo 2024,TikTok Ads,2024-03-22,2024-05-01,45-54,133342,1102,0.83,2.59,2854.18,47,4.3,9784.46,3.43,60.73
MKT-7651,Back to School 2024,Google Ads,2024-03-24,2024-05-03,25-34,229314,4424,1.93,1.51,6680.24,109,2.48,23445.9,3.51,61.29
MKT-7652,Lead Gen Sprint 2024,TikTok Ads,2024-03-24,2024-04-19,45-54,495390,10898,2.2,4.16,45335.68,555,5.1,39199.65,0.86,81.69
MKT-7653,Year-End Clearance 2024,Instagram Ads,2024-03-26,2024-04-07,55+,377751,4061,1.08,1.86,7553.46,239,5.9,25955.4,3.44,31.6
MKT-7654,Spring Sale 2024,Facebook Ads,2024-03-27,2024-05-04,45-54,388686,11591,2.98,1.49,17270.59,394,3.4,20688.94,1.2,43.83
MKT-7655,Lead Gen Sprint 2024,Google Ads,2024-03-27,2024-05-07,All Ages,422170,3734,0.88,1.89,7057.26,85,2.3,11414.65,1.62,83.03
MKT-7656,Holiday Promo 2024,Google Ads,2024-03-29,2024-05-13,45-54,127109,4431,3.49,2.09,9260.79,382,8.62,13339.44,1.44,24.24
MKT-7657,New Product Drop 2024,TikTok Ads,2024-03-30,2024-04-27,All Ages,202139,4995,2.47,1.21,6043.95,320,6.43,33414.4,5.53,18.89
MKT-7658,Year-End Clearance 2024,Facebook Ads,2024-04-01,2024-04-24,All Ages,62556,2375,3.8,2.01,4773.75,26,1.13,1014.26,0.21,183.61
MKT-7659,Brand Awareness 2024,Facebook Ads,2024-04-01,2024-04-20,45-54,282591,5407,1.91,2.91,15734.37,354,6.55,41354.28,2.63,44.45
MKT-7660,Summer Launch 2024,TikTok Ads,2024-04-03,2024-04-14,35-44,485138,19927,4.11,3.53,70342.31,1297,6.51,248570.05,3.53,54.23
MKT-7661,Retargeting Push 2024,Google Ads,2024-04-03,2024-05-11,35-44,240786,8652,3.59,2.39,20678.28,344,3.98,21854.32,1.06,60.11
MKT-7662,Flash Sale 2024,Facebook Ads,2024-04-05,2024-05-08,All Ages,168329,5251,3.12,1.25,6563.75,245,4.67,47130.65,7.18,26.79
MKT-7663,Flash Sale 2024,TikTok Ads,2024-04-05,2024-04-13,25-34,172253,4871,2.83,2.28,11105.88,365,7.5,52070.9,4.69,30.43
MKT-7664,Back to School 2024,Facebook Ads,2024-04-05,2024-05-04,18-24,52645,552,1.05,0.67,369.84,25,4.6,684.25,1.85,14.79
MKT-7665,Spring Sale 2024,Facebook Ads,2024-04-05,2024-04-20,18-24,429062,17848,4.16,3.28,58541.44,369,2.07,73298.16,1.25,158.65
MKT-7666,Spring Sale 2024,LinkedIn Ads,2024-04-07,2024-05-06,25-34,303835,6988,2.3,1.75,12229.0,323,4.63,22309.61,1.82,37.86
MKT-7667,Holiday Promo 2024,TikTok Ads,2024-04-08,2024-05-18,All Ages,446186,12027,2.7,3.19,38366.13,835,6.95,129057.6,3.36,45.95
MKT-7668,Summer Launch 2024,TikTok Ads,2024-04-08,2024-05-03,25-34,484506,16662,3.44,3.76,62649.12,417,2.51,35649.33,0.57,150.24
MKT-7669,New Product Drop 2024,LinkedIn Ads,2024-04-09,2024-05-19,18-24,478860,11249,2.35,1.03,11586.47,909,8.09,31151.43,2.69,12.75
MKT-7670,Year-End Clearance 2024,Google Ads,2024-04-10,2024-04-29,18-24,32040,1173,3.66,3.74,4387.02,100,8.58,11575.0,2.64,43.87
MKT-7671,New Product Drop 2024,Google Ads,2024-04-12,2024-05-07,55+,476062,7864,1.65,1.69,13290.16,647,8.23,29736.12,2.24,20.54
MKT-7672,Back to School 2024,LinkedIn Ads,2024-04-13,2024-04-26,25-34,332728,14830,4.46,3.26,48345.8,634,4.28,136905.96,2.83,76.26
MKT-7673,New Product Drop 2024,Instagram Ads,2024-04-14,2024-05-05,35-44,226278,2964,1.31,1.65,4890.6,180,6.1,9018.0,1.84,27.17
MKT-7674,Brand Awareness 2024,LinkedIn Ads,2024-04-14,2024-05-02,45-54,433172,9494,2.19,3.13,29716.22,496,5.23,67599.84,2.27,59.91
MKT-7675,Lead Gen Sprint 2024,Google Ads,2024-04-15,2024-05-13,25-34,24113,719,2.98,1.19,855.61,59,8.21,7123.66,8.33,14.5
MKT-7676,Holiday Promo 2024,LinkedIn Ads,2024-04-15,2024-05-16,25-34,68635,1113,1.62,2.76,3071.88,33,3.03,5102.46,1.66,93.09
MKT-7677,Retargeting Push 2024,LinkedIn Ads,2024-04-15,2024-04-22,All Ages,420183,2441,0.58,2.44,5956.04,62,2.56,12609.56,2.12,96.07
MKT-7678,New Product Drop 2024,Facebook Ads,2024-04-15,2024-05-28,55+,201369,6257,3.11,1.22,7633.54,291,4.66,46920.84,6.15,26.23
MKT-7679,Brand Awareness 2024,Instagram Ads,2024-04-16,2024-05-28,55+,374817,4425,1.18,1.46,6460.5,169,3.82,36397.53,5.63,38.23
MKT-7680,Flash Sale 2024,Instagram Ads,2024-04-18,2024-05-25,35-44,369680,8009,2.17,3.65,29232.85,127,1.59,18722.34,0.64,230.18
MKT-7681,Brand Awareness 2024,Google Ads,2024-04-18,2024-04-25,55+,94156,4040,4.29,1.73,6989.2,215,5.34,18105.15,2.59,32.51
MKT-7682,Holiday Promo 2024,Google Ads,2024-04-18,2024-05-28,55+,213583,1555,0.73,3.11,4836.05,120,7.76,9831.6,2.03,40.3
MKT-7683,Flash Sale 2024,Instagram Ads,2024-04-18,2024-05-26,All Ages,423777,17581,4.15,3.41,59951.21,853,4.85,24762.59,0.41,70.28
MKT-7684,Summer Launch 2024,TikTok Ads,2024-04-20,2024-05-09,45-54,369012,4661,1.26,1.7,7923.7,204,4.39,8749.56,1.1,38.84
MKT-7685,Brand Awareness 2024,Facebook Ads,2024-04-21,2024-05-05,All Ages,455618,3624,0.8,2.29,8298.96,241,6.66,38972.11,4.7,34.44
MKT-7686,Back to School 2024,Instagram Ads,2024-04-22,2024-05-24,18-24,126206,1422,1.13,0.68,966.96,113,8.0,7545.01,7.8,8.56
MKT-7687,Back to School 2024,Google Ads,2024-04-22,2024-05-24,55+,10949,204,1.87,3.19,650.76,12,6.28,1492.44,2.29,54.23
MKT-7688,Summer Launch 2024,Instagram Ads,2024-04-22,2024-05-13,35-44,499818,8887,1.78,2.39,21239.93,492,5.54,20683.68,0.97,43.17
MKT-7689,Flash Sale 2024,Instagram Ads,2024-04-24,2024-05-19,55+,100686,895,0.89,3.87,3463.65,43,4.85,7838.9,2.26,80.55
MKT-7690,Brand Awareness 2024,Google Ads,2024-04-24,2024-05-08,All Ages,190552,8542,4.48,1.8,15375.6,515,6.03,62299.55,4.05,29.86
MKT-7691,Holiday Promo 2024,Google Ads,2024-04-25,2024-06-02,55+,35280,927,2.63,3.91,3624.57,36,3.94,4865.4,1.34,100.68
MKT-7692,Brand Awareness 2024,TikTok Ads,2024-04-26,2024-05-08,45-54,439262,8750,1.99,1.82,15925.0,787,8.99,51170.74,3.21,20.24
MKT-7693,Brand Awareness 2024,TikTok Ads,2024-04-27,2024-05-20,55+,282551,9906,3.51,0.47,4655.82,435,4.4,95156.25,20.44,10.7
MKT-7694,Flash Sale 2024,LinkedIn Ads,2024-04-28,2024-05-26,55+,372157,5512,1.48,2.49,13724.88,480,8.71,93643.2,6.82,28.59
MKT-7695,Lead Gen Sprint 2024,Facebook Ads,2024-04-29,2024-06-11,35-44,341426,8142,2.38,0.77,6269.34,223,2.75,6848.33,1.09,28.11
MKT-7696,Flash Sale 2024,TikTok Ads,2024-04-29,2024-05-22,All Ages,52935,782,1.48,3.99,3120.18,55,7.12,9020.0,2.89,56.73
MKT-7697,Summer Launch 2024,Google Ads,2024-04-30,2024-06-14,55+,97882,978,1.0,2.7,2640.6,43,4.43,5473.04,2.07,61.41
MKT-7698,Back to School 2024,Instagram Ads,2024-05-01,2024-06-09,25-34,167362,4697,2.81,3.13,14701.61,203,4.32,32660.67,2.22,72.42
MKT-7699,Lead Gen Sprint 2024,Facebook Ads,2024-05-02,2024-06-16,All Ages,342679,12495,3.65,3.41,42607.95,537,4.3,20926.89,0.49,79.34
MKT-7700,Flash Sale 2024,Facebook Ads,2024-05-02,2024-06-14,18-24,33378,1005,3.01,1.44,1447.2,84,8.42,14402.64,9.95,17.23
MKT-7701,Flash Sale 2024,Instagram Ads,2024-05-03,2024-06-15,55+,418166,14651,3.5,3.16,46297.16,590,4.03,102896.0,2.22,78.47
MKT-7702,Retargeting Push 2024,Google Ads,2024-05-03,2024-05-17,18-24,103835,2486,2.39,1.97,4897.42,72,2.94,8434.08,1.72,68.02
MKT-7703,Spring Sale 2024,TikTok Ads,2024-05-04,2024-05-16,45-54,126624,4479,3.54,3.43,15362.97,88,1.97,5720.0,0.37,174.58
MKT-7704,Brand Awareness 2024,LinkedIn Ads,2024-05-05,2024-06-09,55+,444882,6141,1.38,4.1,25178.1,414,6.74,48500.1,1.93,60.82
MKT-7705,Lead Gen Sprint 2024,Instagram Ads,2024-05-06,2024-06-20,All Ages,198838,3634,1.83,2.33,8467.22,185,5.12,40496.5,4.78,45.77
MKT-7706,Spring Sale 2024,Google Ads,2024-05-06,2024-05-22,25-34,117255,3622,3.09,2.05,7425.1,65,1.82,8862.75,1.19,114.23
MKT-7707,Summer Launch 2024,TikTok Ads,2024-05-06,2024-05-21,45-54,81695,2179,2.67,2.64,5752.56,139,6.41,7899.37,1.37,41.39
MKT-7708,Spring Sale 2024,LinkedIn Ads,2024-05-07,2024-06-17,All Ages,453889,8802,1.94,0.75,6601.5,696,7.91,118104.24,17.89,9.48
MKT-7709,Back to School 2024,Facebook Ads,2024-05-07,2024-06-02,35-44,306257,9446,3.08,3.92,37028.32,457,4.84,15734.51,0.42,81.02
MKT-7710,Flash Sale 2024,LinkedIn Ads,2024-05-07,2024-06-12,35-44,347537,4370,1.26,3.48,15207.6,317,7.28,65197.39,4.29,47.97
MKT-7711,Spring Sale 2024,LinkedIn Ads,2024-05-07,2024-05-17,55+,58555,2597,4.44,2.81,7297.57,210,8.11,10308.9,1.41,34.75
MKT-7712,Year-End Clearance 2024,Google Ads,2024-05-07,2024-05-16,45-54,10277,254,2.47,1.38,350.52,18,7.24,2732.4,7.8,19.47
MKT-7713,Brand Awareness 2024,Instagram Ads,2024-05-07,2024-06-14,45-54,479226,4919,1.03,3.58,17610.02,390,7.95,38110.8,2.16,45.15
MKT-7714,Year-End Clearance 2024,TikTok Ads,2024-05-07,2024-06-11,25-34,341715,9950,2.91,2.14,21293.0,393,3.95,62734.59,2.95,54.18
MKT-7715,Holiday Promo 2024,LinkedIn Ads,2024-05-08,2024-05-22,35-44,90624,2813,3.1,0.9,2531.7,60,2.15,7762.8,3.07,42.2
MKT-7716,Summer Launch 2024,Facebook Ads,2024-05-09,2024-06-06,All Ages,472925,17201,3.64,1.12,19265.12,257,1.5,24404.72,1.27,74.96
MKT-7717,Brand Awareness 2024,Instagram Ads,2024-05-11,2024-05-31,45-54,479061,7501,1.57,3.89,29178.89,340,4.54,21365.6,0.73,85.82
MKT-7718,Back to School 2024,TikTok Ads,2024-05-11,2024-06-25,55+,290778,11317,3.89,3.77,42665.09,301,2.67,30030.77,0.7,141.74
MKT-7719,Spring Sale 2024,Google Ads,2024-05-12,2024-05-23,45-54,311926,1915,0.61,1.74,3332.1,88,4.62,12998.48,3.9,37.86
MKT-7720,Summer Launch 2024,Instagram Ads,2024-05-13,2024-06-02,45-54,454996,13087,2.88,2.76,36120.12,1079,8.25,88499.58,2.45,33.48
MKT-7721,Back to School 2024,LinkedIn Ads,2024-05-13,2024-06-09,45-54,347625,9473,2.73,2.68,25387.64,492,5.2,39970.08,1.57,51.6
MKT-7722,Spring Sale 2024,LinkedIn Ads,2024-05-14,2024-06-12,All Ages,35645,227,0.64,3.36,762.72,8,3.82,461.6,0.61,95.34
MKT-7723,Back to School 2024,Google Ads,2024-05-15,2024-06-21,35-44,491600,3800,0.77,2.59,9842.0,133,3.52,5204.29,0.53,74.0
MKT-7724,New Product Drop 2024,Instagram Ads,2024-05-17,2024-06-24,35-44,79224,2159,2.73,3.07,6628.13,140,6.49,10843.0,1.64,47.34
MKT-7725,Holiday Promo 2024,Google Ads,2024-05-19,2024-06-26,45-54,486433,8236,1.69,3.06,25202.16,89,1.09,6235.34,0.25,283.17
MKT-7726,Retargeting Push 2024,LinkedIn Ads,2024-05-20,2024-05-27,25-34,286104,4068,1.42,1.85,7525.8,117,2.88,13658.58,1.81,64.32
MKT-7727,Flash Sale 2024,LinkedIn Ads,2024-05-20,2024-05-29,18-24,67562,515,0.76,0.88,453.2,26,5.23,4199.52,9.27,17.43
MKT-7728,Year-End Clearance 2024,Facebook Ads,2024-05-22,2024-06-26,All Ages,172623,4024,2.33,2.82,11347.68,341,8.48,13431.99,1.18,33.28
MKT-7729,Year-End Clearance 2024,TikTok Ads,2024-05-22,2024-06-28,18-24,166569,3605,2.16,3.33,12004.65,249,6.93,11757.78,0.98,48.21
MKT-7730,Lead Gen Sprint 2024,Google Ads,2024-05-23,2024-06-06,All Ages,162397,2755,1.7,3.27,9008.85,149,5.43,9863.8,1.09,60.46
MKT-7731,Spring Sale 2024,Google Ads,2024-05-24,2024-05-31,All Ages,150760,5473,3.63,2.18,11931.14,109,2.01,21178.7,1.78,109.46
MKT-7732,Year-End Clearance 2024,Google Ads,2024-05-25,2024-07-08,All Ages,294768,3649,1.24,1.44,5254.56,142,3.9,15219.56,2.9,37.0
MKT-7733,Retargeting Push 2024,Instagram Ads,2024-05-25,2024-06-11,35-44,458945,7508,1.64,2.97,22298.76,107,1.43,12471.92,0.56,208.4
MKT-7734,New Product Drop 2024,Facebook Ads,2024-05-27,2024-06-25,55+,263239,7300,2.77,1.53,11169.0,363,4.98,17039.22,1.53,30.77
MKT-7735,Holiday Promo 2024,Instagram Ads,2024-05-27,2024-06-07,55+,278718,8515,3.06,3.36,28610.4,662,7.78,90561.6,3.17,43.22
MKT-7736,Back to School 2024,LinkedIn Ads,2024-05-28,2024-06-22,All Ages,56073,543,0.97,1.57,852.51,29,5.37,4420.76,5.19,29.4
MKT-7737,Flash Sale 2024,Facebook Ads,2024-05-28,2024-07-12,18-24,87842,982,1.12,3.68,3613.76,35,3.58,7460.6,2.06,103.25
MKT-7738,Flash Sale 2024,Google Ads,2024-05-28,2024-06-14,All Ages,440925,3405,0.77,1.72,5856.6,199,5.85,28779.38,4.91,29.43
MKT-7739,Brand Awareness 2024,LinkedIn Ads,2024-05-28,2024-07-03,45-54,159899,5967,3.73,1.07,6384.69,536,8.99,59839.04,9.37,11.91
MKT-7740,Holiday Promo 2024,Google Ads,2024-05-29,2024-06-29,45-54,354287,6887,1.94,0.76,5234.12,552,8.02,21809.52,4.17,9.48
MKT-7741,Lead Gen Sprint 2024,Facebook Ads,2024-05-29,2024-06-22,18-24,61827,2201,3.56,1.35,2971.35,83,3.79,16347.68,5.5,35.8
MKT-7742,Retargeting Push 2024,Instagram Ads,2024-05-29,2024-06-30,45-54,490286,6272,1.28,0.7,4390.4,79,1.27,10085.93,2.3,55.57
MKT-7743,Retargeting Push 2024,Facebook Ads,2024-05-29,2024-06-13,25-34,174437,7119,4.08,1.27,9041.13,271,3.82,27671.81,3.06,33.36
MKT-7744,Summer Launch 2024,LinkedIn Ads,2024-05-29,2024-06-05,55+,464720,4122,0.89,2.29,9439.38,67,1.64,6880.23,0.73,140.89
MKT-7745,Summer Launch 2024,Google Ads,2024-05-30,2024-06-20,25-34,394827,8970,2.27,1.31,11750.7,93,1.04,7360.95,0.63,126.35
MKT-7746,Retargeting Push 2024,Facebook Ads,2024-05-31,2024-06-14,55+,450827,5814,1.29,1.94,11279.16,320,5.51,39459.2,3.5,35.25
MKT-7747,Lead Gen Sprint 2024,LinkedIn Ads,2024-06-01,2024-06-29,45-54,403027,10606,2.63,0.67,7106.02,583,5.5,72548.52,10.21,12.19
MKT-7748,Brand Awareness 2024,TikTok Ads,2024-06-02,2024-06-10,35-44,401881,16269,4.05,3.82,62147.58,613,3.77,128821.95,2.07,101.38
MKT-7749,Spring Sale 2024,Google Ads,2024-06-03,2024-07-15,18-24,208157,1467,0.7,3.59,5266.53,54,3.69,8933.22,1.7,97.53
MKT-7750,Spring Sale 2024,LinkedIn Ads,2024-06-03,2024-07-07,55+,74827,1949,2.61,1.25,2436.25,34,1.77,7168.22,2.94,71.65
MKT-7751,Retargeting Push 2024,Facebook Ads,2024-06-03,2024-07-13,All Ages,309037,2372,0.77,3.96,9393.12,198,8.37,33972.84,3.62,47.44
MKT-7752,Brand Awareness 2024,Facebook Ads,2024-06-03,2024-07-01,45-54,341536,2297,0.67,0.41,941.77,106,4.62,16295.38,17.3,8.88
MKT-7753,Flash Sale 2024,TikTok Ads,2024-06-04,2024-06-11,45-54,120546,5077,4.21,2.23,11321.71,189,3.74,40321.26,3.56,59.9
MKT-7754,Retargeting Push 2024,LinkedIn Ads,2024-06-06,2024-07-16,45-54,254999,4920,1.93,2.51,12349.2,282,5.74,46301.58,3.75,43.79
MKT-7755,Flash Sale 2024,LinkedIn Ads,2024-06-07,2024-07-08,35-44,74648,1169,1.57,4.06,4746.14,53,4.61,4804.45,1.01,89.55
MKT-7756,Year-End Clearance 2024,Facebook Ads,2024-06-07,2024-06-18,25-34,320047,14351,4.48,3.47,49797.97,149,1.04,16220.14,0.33,334.21
MKT-7757,Flash Sale 2024,Instagram Ads,2024-06-08,2024-06-19,18-24,102082,3413,3.34,2.02,6894.26,291,8.54,27839.97,4.04,23.69
MKT-7758,New Product Drop 2024,Google Ads,2024-06-09,2024-07-11,25-34,204892,4519,2.21,2.38,10755.22,240,5.31,36662.4,3.41,44.81
MKT-7759,Spring Sale 2024,TikTok Ads,2024-06-10,2024-07-19,All Ages,382200,13659,3.57,2.83,38654.97,588,4.31,64903.44,1.68,65.74
MKT-7760,New Product Drop 2024,Google Ads,2024-06-10,2024-06-25,25-34,306273,8575,2.8,2.6,22295.0,426,4.97,45509.58,2.04,52.34
MKT-7761,Summer Launch 2024,LinkedIn Ads,2024-06-10,2024-06-24,All Ages,261239,6015,2.3,3.15,18947.25,138,2.3,29152.5,1.54,137.3
MKT-7762,Brand Awareness 2024,Instagram Ads,2024-06-11,2024-07-07,35-44,190229,6343,3.33,2.09,13256.87,91,1.44,6206.2,0.47,145.68
MKT-7763,Summer Launch 2024,TikTok Ads,2024-06-12,2024-07-04,55+,450826,17231,3.82,2.72,46868.32,1509,8.76,317614.32,6.78,31.06
MKT-7764,New Product Drop 2024,Instagram Ads,2024-06-12,2024-07-08,35-44,171826,4821,2.81,1.8,8677.8,113,2.36,10742.91,1.24,76.79
MKT-7765,Spring Sale 2024,Instagram Ads,2024-06-14,2024-07-12,45-54,207207,1162,0.56,3.57,4148.34,85,7.39,5899.85,1.42,48.8
MKT-7766,Spring Sale 2024,LinkedIn Ads,2024-06-16,2024-07-16,45-54,180813,8073,4.47,4.18,33745.14,570,7.07,59570.7,1.77,59.2
MKT-7767,Spring Sale 2024,Google Ads,2024-06-17,2024-06-25,35-44,194416,3508,1.8,1.64,5753.12,180,5.14,22183.2,3.86,31.96
MKT-7768,Year-End Clearance 2024,LinkedIn Ads,2024-06-17,2024-06-28,45-54,269557,7291,2.7,3.26,23768.66,174,2.4,32788.56,1.38,136.6
MKT-7769,Spring Sale 2024,Google Ads,2024-06-19,2024-07-26,All Ages,226537,2640,1.17,0.33,871.2,154,5.87,14864.08,17.06,5.66
MKT-7770,Flash Sale 2024,Google Ads,2024-06-22,2024-08-05,45-54,145963,2419,1.66,3.25,7861.75,119,4.95,6120.17,0.78,66.07
MKT-7771,New Product Drop 2024,Instagram Ads,2024-06-22,2024-07-02,25-34,73228,2899,3.96,1.27,3681.73,212,7.34,15946.64,4.33,17.37
MKT-7772,Spring Sale 2024,Instagram Ads,2024-06-23,2024-06-30,55+,222578,6532,2.93,0.34,2220.88,506,7.76,98811.68,44.49,4.39
MKT-7773,Flash Sale 2024,Google Ads,2024-06-24,2024-08-07,18-24,183830,2784,1.51,3.04,8463.36,136,4.9,5506.64,0.65,62.23
MKT-7774,Flash Sale 2024,Facebook Ads,2024-06-24,2024-07-04,45-54,184431,6737,3.65,1.23,8286.51,358,5.32,11706.6,1.41,23.15
MKT-7775,Lead Gen Sprint 2024,TikTok Ads,2024-06-24,2024-07-31,55+,62557,1446,2.31,0.42,607.32,15,1.05,2258.55,3.72,40.49
MKT-7776,Summer Launch 2024,LinkedIn Ads,2024-06-25,2024-07-15,45-54,251043,4743,1.89,2.23,10576.89,273,5.76,55842.15,5.28,38.74
MKT-7777,Spring Sale 2024,Instagram Ads,2024-06-26,2024-07-16,45-54,221684,3407,1.54,1.66,5655.62,161,4.74,25871.09,4.57,35.13
MKT-7778,Spring Sale 2024,Instagram Ads,2024-06-26,2024-08-03,55+,384110,13681,3.56,1.99,27225.19,416,3.04,67916.16,2.49,65.45
MKT-7779,Back to School 2024,Google Ads,2024-06-28,2024-08-10,All Ages,306142,2948,0.96,0.99,2918.52,175,5.96,26243.0,8.99,16.68
MKT-7780,New Product Drop 2024,Instagram Ads,2024-06-28,2024-07-15,45-54,134470,2180,1.62,1.31,2855.8,51,2.34,7021.68,2.46,56.0
MKT-7781,Holiday Promo 2024,Facebook Ads,2024-06-29,2024-07-23,All Ages,421956,18688,4.43,1.43,26723.84,670,3.59,112479.6,4.21,39.89
MKT-7782,Year-End Clearance 2024,Google Ads,2024-06-30,2024-07-31,18-24,396382,2383,0.6,4.02,9579.66,207,8.69,37791.99,3.95,46.28
MKT-7783,Flash Sale 2024,Google Ads,2024-06-30,2024-07-17,55+,286014,6590,2.3,3.87,25503.3,583,8.86,76075.67,2.98,43.74
MKT-7784,Spring Sale 2024,LinkedIn Ads,2024-07-01,2024-07-26,25-34,333938,8096,2.42,3.68,29793.28,707,8.74,126970.13,4.26,42.14
MKT-7785,Spring Sale 2024,Facebook Ads,2024-07-02,2024-08-05,55+,389208,6941,1.78,1.11,7704.51,506,7.3,69908.96,9.07,15.23
MKT-7786,Back to School 2024,Google Ads,2024-07-02,2024-07-28,35-44,338147,7567,2.24,0.76,5750.92,630,8.34,132520.5,23.04,9.13
MKT-7787,New Product Drop 2024,Facebook Ads,2024-07-03,2024-07-23,All Ages,399305,16234,4.07,3.3,53572.2,285,1.76,51334.2,0.96,187.97
MKT-7788,Flash Sale 2024,Instagram Ads,2024-07-03,2024-08-02,18-24,340468,8276,2.43,0.8,6620.8,403,4.88,83457.27,12.61,16.43
MKT-7789,Flash Sale 2024,Facebook Ads,2024-07-04,2024-08-06,25-34,437385,3563,0.81,1.36,4845.68,283,7.96,21904.2,4.52,17.12
MKT-7790,Lead Gen Sprint 2024,Facebook Ads,2024-07-04,2024-07-22,55+,313054,7343,2.35,0.41,3010.63,352,4.79,57960.32,19.25,8.55
MKT-7791,Lead Gen Sprint 2024,Instagram Ads,2024-07-04,2024-07-11,45-54,318796,10123,3.18,1.0,10123.0,459,4.54,97826.67,9.66,22.05
MKT-7792,Flash Sale 2024,LinkedIn Ads,2024-07-07,2024-08-19,18-24,37948,867,2.29,1.85,1603.95,51,5.95,1392.3,0.87,31.45
MKT-7793,Brand Awareness 2024,LinkedIn Ads,2024-07-08,2024-08-04,25-34,372061,15059,4.05,1.72,25901.48,830,5.52,113319.9,4.38,31.21
MKT-7794,Summer Launch 2024,Instagram Ads,2024-07-08,2024-07-30,25-34,155530,3326,2.14,2.1,6984.6,226,6.81,45010.16,6.44,30.91
MKT-7795,Lead Gen Sprint 2024,Facebook Ads,2024-07-08,2024-08-11,45-54,336593,10836,3.22,1.34,14520.24,599,5.53,125226.94,8.62,24.24
MKT-7796,Lead Gen Sprint 2024,LinkedIn Ads,2024-07-09,2024-08-14,35-44,150729,3534,2.34,1.22,4311.48,208,5.89,5324.8,1.24,20.73
MKT-7797,Year-End Clearance 2024,LinkedIn Ads,2024-07-09,2024-08-11,35-44,419876,3455,0.82,0.7,2418.5,67,1.95,4820.65,1.99,36.1
MKT-7798,Flash Sale 2024,Facebook Ads,2024-07-09,2024-08-01,45-54,79545,675,0.85,3.6,2430.0,48,7.14,2993.28,1.23,50.62
MKT-7799,Summer Launch 2024,Facebook Ads,2024-07-09,2024-07-18,25-34,74749,3329,4.45,1.3,4327.7,280,8.42,28131.6,6.5,15.46
MKT-7800,Retargeting Push 2024,LinkedIn Ads,2024-07-09,2024-08-16,55+,120638,2060,1.71,3.5,7210.0,131,6.38,18712.04,2.6,55.04
MKT-7801,Flash Sale 2024,Google Ads,2024-07-11,2024-07-28,25-34,33694,207,0.62,4.01,830.07,8,4.19,998.4,1.2,103.76
MKT-7802,Brand Awareness 2024,Instagram Ads,2024-07-12,2024-07-20,55+,496699,12124,2.44,0.57,6910.68,176,1.46,36256.0,5.25,39.27
MKT-7803,Retargeting Push 2024,Instagram Ads,2024-07-12,2024-08-12,45-54,461429,9363,2.03,2.6,24343.8,289,3.09,22530.44,0.93,84.23
MKT-7804,Brand Awareness 2024,LinkedIn Ads,2024-07-12,2024-07-30,35-44,133696,5205,3.89,0.7,3643.5,283,5.45,22413.6,6.15,12.87
MKT-7805,Year-End Clearance 2024,Google Ads,2024-07-13,2024-08-12,18-24,171224,7480,4.37,3.06,22888.8,492,6.59,78119.76,3.41,46.52
MKT-7806,Spring Sale 2024,Instagram Ads,2024-07-13,2024-07-24,55+,332109,5315,1.6,0.86,4570.9,268,5.05,14394.28,3.15,17.06
MKT-7807,Summer Launch 2024,LinkedIn Ads,2024-07-13,2024-07-27,18-24,481144,6026,1.25,1.26,7592.76,114,1.9,12058.92,1.59,66.6
MKT-7808,Retargeting Push 2024,Facebook Ads,2024-07-13,2024-08-16,18-24,20699,272,1.32,2.36,641.92,6,2.45,960.42,1.5,106.99
MKT-7809,Retargeting Push 2024,Instagram Ads,2024-07-13,2024-07-25,All Ages,497456,19165,3.85,2.3,44079.5,303,1.58,21488.76,0.49,145.48
MKT-7810,Retargeting Push 2024,Facebook Ads,2024-07-13,2024-08-17,55+,37935,373,0.98,4.06,1514.38,23,6.23,1110.67,0.73,65.84
MKT-7811,Lead Gen Sprint 2024,LinkedIn Ads,2024-07-13,2024-08-12,45-54,207009,2083,1.01,1.11,2312.13,96,4.64,5773.44,2.5,24.08
MKT-7812,Back to School 2024,LinkedIn Ads,2024-07-16,2024-08-29,45-54,288662,7324,2.54,2.13,15600.12,442,6.05,90552.54,5.8,35.29
MKT-7813,Year-End Clearance 2024,Facebook Ads,2024-07-16,2024-08-02,18-24,294813,12371,4.2,1.29,15958.59,180,1.46,8447.4,0.53,88.66
MKT-7814,Year-End Clearance 2024,Facebook Ads,2024-07-17,2024-07-29,45-54,221287,3838,1.73,4.06,15582.28,117,3.07,21818.16,1.4,133.18
MKT-7815,New Product Drop 2024,Facebook Ads,2024-07-18,2024-08-05,All Ages,388678,12387,3.19,2.22,27499.14,673,5.44,40339.62,1.47,40.86
MKT-7816,Back to School 2024,Facebook Ads,2024-07-18,2024-08-13,55+,352156,6598,1.87,3.96,26128.08,126,1.92,17473.68,0.67,207.37
MKT-7817,Spring Sale 2024,Facebook Ads,2024-07-21,2024-08-17,45-54,316104,13699,4.33,0.93,12740.07,601,4.39,103396.04,8.12,21.2
MKT-7818,New Product Drop 2024,Facebook Ads,2024-07-22,2024-08-22,All Ages,93552,1699,1.82,2.76,4689.24,91,5.39,17267.25,3.68,51.53
MKT-7819,New Product Drop 2024,TikTok Ads,2024-07-23,2024-07-31,25-34,317108,11992,3.78,2.08,24943.36,898,7.49,184781.46,7.41,27.78
MKT-7820,Year-End Clearance 2024,TikTok Ads,2024-07-23,2024-08-28,25-34,91596,3224,3.52,3.42,11026.08,281,8.75,13507.67,1.23,39.24
MKT-7821,New Product Drop 2024,TikTok Ads,2024-07-25,2024-08-14,All Ages,166946,7163,4.29,1.54,11031.02,368,5.15,59549.76,5.4,29.98
MKT-7822,Flash Sale 2024,TikTok Ads,2024-07-26,2024-08-12,25-34,429947,11422,2.66,2.67,30496.74,863,7.56,57380.87,1.88,35.34
MKT-7823,Lead Gen Sprint 2024,Instagram Ads,2024-07-26,2024-09-05,55+,480406,7127,1.48,4.07,29006.89,505,7.09,44318.8,1.53,57.44
MKT-7824,Retargeting Push 2024,Instagram Ads,2024-07-26,2024-09-06,55+,104252,3689,3.54,3.61,13317.29,76,2.07,12195.72,0.92,175.23
MKT-7825,Back to School 2024,Facebook Ads,2024-07-26,2024-08-28,All Ages,6572,60,0.93,0.73,43.8,4,6.9,463.72,10.59,10.95
MKT-7826,Lead Gen Sprint 2024,TikTok Ads,2024-07-27,2024-08-05,25-34,330074,14160,4.29,2.43,34408.8,855,6.04,72358.65,2.1,40.24
MKT-7827,Holiday Promo 2024,Google Ads,2024-07-27,2024-08-29,55+,269326,5553,2.06,0.83,4608.99,168,3.03,21818.16,4.73,27.43
MKT-7828,Back to School 2024,LinkedIn Ads,2024-07-29,2024-08-06,25-34,67887,2749,4.05,2.04,5607.96,247,8.99,24751.87,4.41,22.7
MKT-7829,Lead Gen Sprint 2024,Google Ads,2024-07-30,2024-08-16,45-54,160351,2353,1.47,1.31,3082.43,40,1.72,6110.8,1.98,77.06
MKT-7830,Summer Launch 2024,Google Ads,2024-07-31,2024-08-24,18-24,328862,9905,3.01,0.7,6933.5,160,1.62,24736.0,3.57,43.33
MKT-7831,Summer Launch 2024,TikTok Ads,2024-07-31,2024-09-11,18-24,448080,6528,1.46,0.93,6071.04,582,8.93,82929.18,13.66,10.43
MKT-7832,Lead Gen Sprint 2024,Instagram Ads,2024-07-31,2024-09-01,35-44,263859,1711,0.65,4.11,7032.21,120,7.03,14266.8,2.03,58.6
MKT-7833,Retargeting Push 2024,Facebook Ads,2024-08-01,2024-08-26,18-24,186365,2491,1.34,2.5,6227.5,185,7.43,40237.5,6.46,33.66
MKT-7834,Retargeting Push 2024,Instagram Ads,2024-08-01,2024-08-17,35-44,36397,279,0.77,1.58,440.82,5,1.86,126.75,0.29,88.16
MKT-7835,Spring Sale 2024,Facebook Ads,2024-08-02,2024-08-09,All Ages,155186,3401,2.19,2.66,9046.66,241,7.11,16763.96,1.85,37.54
MKT-7836,Holiday Promo 2024,Instagram Ads,2024-08-02,2024-09-10,35-44,339259,1976,0.58,1.53,3023.28,75,3.84,5652.0,1.87,40.31
MKT-7837,Lead Gen Sprint 2024,TikTok Ads,2024-08-03,2024-09-04,35-44,249509,6209,2.49,0.37,2297.33,281,4.53,19459.25,8.47,8.18
MKT-7838,New Product Drop 2024,TikTok Ads,2024-08-03,2024-08-19,35-44,48057,1959,4.08,3.0,5877.0,134,6.89,19226.32,3.27,43.86
MKT-7839,Brand Awareness 2024,Google Ads,2024-08-03,2024-08-29,55+,135913,5144,3.79,1.15,5915.6,297,5.78,44006.49,7.44,19.92
MKT-7840,Back to School 2024,Google Ads,2024-08-04,2024-09-07,25-34,68811,1652,2.4,0.45,743.4,41,2.51,1866.32,2.51,18.13
MKT-7841,Year-End Clearance 2024,Facebook Ads,2024-08-04,2024-08-22,55+,332604,7590,2.28,0.49,3719.1,418,5.52,77756.36,20.91,8.9
MKT-7842,Lead Gen Sprint 2024,Facebook Ads,2024-08-05,2024-09-02,All Ages,308201,3094,1.0,3.58,11076.52,110,3.59,5054.5,0.46,100.7
MKT-7843,Spring Sale 2024,Google Ads,2024-08-07,2024-08-22,45-54,280556,10059,3.59,0.7,7041.3,358,3.56,33243.88,4.72,19.67
MKT-7844,Lead Gen Sprint 2024,Google Ads,2024-08-07,2024-08-28,45-54,289637,10136,3.5,3.85,39023.6,487,4.81,100901.53,2.59,80.13
MKT-7845,Back to School 2024,Google Ads,2024-08-09,2024-08-20,55+,41467,727,1.75,1.3,945.1,46,6.45,5777.6,6.11,20.55
MKT-7846,New Product Drop 2024,TikTok Ads,2024-08-09,2024-09-03,45-54,357171,12560,3.52,1.33,16704.8,189,1.51,8109.99,0.49,88.39
MKT-7847,Retargeting Push 2024,Facebook Ads,2024-08-10,2024-08-28,45-54,156966,6075,3.87,3.64,22113.0,208,3.42,14487.2,0.66,106.31
MKT-7848,Flash Sale 2024,Facebook Ads,2024-08-11,2024-09-24,45-54,38085,1543,4.05,3.71,5724.53,109,7.12,15012.57,2.62,52.52
MKT-7849,Holiday Promo 2024,TikTok Ads,2024-08-11,2024-09-17,All Ages,39577,1090,2.76,4.16,4534.4,32,2.98,2302.72,0.51,141.7
MKT-7850,Summer Launch 2024,Facebook Ads,2024-08-11,2024-08-21,55+,355348,2565,0.72,0.77,1975.05,127,4.98,9428.48,4.77,15.55
MKT-7851,Brand Awareness 2024,LinkedIn Ads,2024-08-13,2024-09-15,55+,212611,5524,2.6,3.28,18118.72,396,7.18,71462.16,3.94,45.75
MKT-7852,New Product Drop 2024,TikTok Ads,2024-08-13,2024-08-28,55+,477912,12835,2.69,1.8,23103.0,375,2.92,11426.25,0.49,61.61
MKT-7853,Flash Sale 2024,LinkedIn Ads,2024-08-14,2024-08-23,55+,379593,10513,2.77,1.01,10618.13,499,4.75,23448.01,2.21,21.28
MKT-7854,Year-End Clearance 2024,LinkedIn Ads,2024-08-14,2024-08-28,35-44,224381,3838,1.71,4.15,15927.7,141,3.68,15666.51,0.98,112.96
MKT-7855,Spring Sale 2024,Facebook Ads,2024-08-15,2024-09-01,35-44,195225,7864,4.03,4.11,32321.04,613,7.8,31348.82,0.97,52.73
MKT-7856,New Product Drop 2024,Facebook Ads,2024-08-17,2024-09-14,18-24,171270,4415,2.58,0.66,2913.9,206,4.69,31200.76,10.71,14.15
MKT-7857,Lead Gen Sprint 2024,TikTok Ads,2024-08-17,2024-09-03,35-44,55152,1443,2.62,1.4,2020.2,63,4.4,4593.33,2.27,32.07
MKT-7858,Back to School 2024,Facebook Ads,2024-08-17,2024-09-02,55+,449906,9279,2.06,3.76,34889.04,208,2.25,13443.04,0.39,167.74
MKT-7859,Retargeting Push 2024,Instagram Ads,2024-08-18,2024-09-05,25-34,488695,14826,3.03,3.62,53670.12,1244,8.4,238014.52,4.43,43.14
MKT-7860,Lead Gen Sprint 2024,Google Ads,2024-08-18,2024-09-11,35-44,344431,11477,3.33,1.89,21691.53,367,3.2,69271.25,3.19,59.1
MKT-7861,Brand Awareness 2024,LinkedIn Ads,2024-08-18,2024-09-15,18-24,154660,4841,3.13,1.04,5034.64,170,3.52,14290.2,2.84,29.62
MKT-7862,New Product Drop 2024,Instagram Ads,2024-08-19,2024-09-26,25-34,58977,1934,3.28,0.8,1547.2,107,5.54,4107.73,2.65,14.46
MKT-7863,Year-End Clearance 2024,Google Ads,2024-08-21,2024-08-30,35-44,101455,752,0.74,3.39,2549.28,38,5.07,4631.44,1.82,67.09
MKT-7864,Flash Sale 2024,TikTok Ads,2024-08-22,2024-09-29,All Ages,284645,12476,4.38,4.06,50652.56,1067,8.56,230173.24,4.54,47.47
MKT-7865,Brand Awareness 2024,TikTok Ads,2024-08-22,2024-08-29,45-54,253557,5685,2.24,3.98,22626.3,391,6.88,20441.48,0.9,57.87
MKT-7866,Back to School 2024,Facebook Ads,2024-08-23,2024-09-16,All Ages,248345,7896,3.18,1.99,15713.04,317,4.02,27930.87,1.78,49.57
MKT-7867,Brand Awareness 2024,LinkedIn Ads,2024-08-23,2024-10-01,18-24,198594,6920,3.48,2.39,16538.8,174,2.52,12675.9,0.77,95.05
MKT-7868,New Product Drop 2024,Instagram Ads,2024-08-23,2024-08-31,45-54,289966,9512,3.28,1.14,10843.68,755,7.95,140497.95,12.96,14.36
MKT-7869,Summer Launch 2024,Facebook Ads,2024-08-23,2024-10-03,35-44,48524,904,1.86,0.32,289.28,25,2.83,3329.0,11.51,11.57
MKT-7870,Brand Awareness 2024,TikTok Ads,2024-08-24,2024-10-04,55+,193952,3313,1.71,2.14,7089.82,196,5.94,8200.64,1.16,36.17
MKT-7871,Summer Launch 2024,Instagram Ads,2024-08-25,2024-09-08,25-34,273502,6604,2.41,1.61,10632.44,451,6.84,25918.97,2.44,23.58
MKT-7872,Retargeting Push 2024,Instagram Ads,2024-08-26,2024-09-07,35-44,168207,2249,1.34,3.24,7286.76,191,8.52,40337.29,5.54,38.15
MKT-7873,Year-End Clearance 2024,Facebook Ads,2024-08-27,2024-10-02,All Ages,409977,14239,3.47,2.83,40296.37,539,3.79,29661.17,0.74,74.76
MKT-7874,New Product Drop 2024,Google Ads,2024-08-30,2024-09-19,All Ages,318900,13314,4.18,0.6,7988.4,857,6.44,91990.38,11.52,9.32
MKT-7875,Back to School 2024,Google Ads,2024-08-30,2024-09-13,All Ages,118762,2181,1.84,2.1,4580.1,103,4.76,16593.3,3.62,44.47
MKT-7876,Lead Gen Sprint 2024,Google Ads,2024-09-02,2024-10-17,45-54,306652,10198,3.33,2.13,21721.74,294,2.89,16649.22,0.77,73.88
MKT-7877,Retargeting Push 2024,Instagram Ads,2024-09-04,2024-10-09,35-44,18079,755,4.18,0.52,392.6,44,5.86,8242.52,20.99,8.92
MKT-7878,Year-End Clearance 2024,TikTok Ads,2024-09-04,2024-10-07,45-54,368677,5894,1.6,3.96,23340.24,145,2.46,30935.75,1.33,160.97
MKT-7879,Lead Gen Sprint 2024,Facebook Ads,2024-09-07,2024-10-12,All Ages,382969,10522,2.75,1.58,16624.76,132,1.26,16019.52,0.96,125.95
MKT-7880,Lead Gen Sprint 2024,Facebook Ads,2024-09-07,2024-09-19,55+,254565,6082,2.39,2.57,15630.74,196,3.23,11789.4,0.75,79.75
MKT-7881,Brand Awareness 2024,Facebook Ads,2024-09-08,2024-10-13,25-34,205774,4090,1.99,3.02,12351.8,72,1.78,9368.64,0.76,171.55
MKT-7882,Holiday Promo 2024,LinkedIn Ads,2024-09-09,2024-10-09,25-34,458452,4615,1.01,2.74,12645.1,159,3.46,13006.2,1.03,79.53
MKT-7883,Spring Sale 2024,LinkedIn Ads,2024-09-11,2024-10-12,35-44,489808,5899,1.2,2.39,14098.61,284,4.82,51284.72,3.64,49.64
MKT-7884,Summer Launch 2024,Google Ads,2024-09-12,2024-09-26,All Ages,290717,7542,2.59,1.69,12745.98,117,1.55,21998.34,1.73,108.94
MKT-7885,Spring Sale 2024,Facebook Ads,2024-09-13,2024-10-19,All Ages,472721,17738,3.75,2.0,35476.0,1342,7.57,52539.3,1.48,26.44
MKT-7886,Year-End Clearance 2024,Google Ads,2024-09-13,2024-09-29,All Ages,214033,4037,1.89,1.1,4440.7,256,6.37,6632.96,1.49,17.35
MKT-7887,Retargeting Push 2024,LinkedIn Ads,2024-09-14,2024-09-30,25-34,448529,4600,1.03,2.2,10120.0,359,7.82,57432.82,5.68,28.19
MKT-7888,Spring Sale 2024,Google Ads,2024-09-14,2024-09-22,25-34,40124,1592,3.97,3.62,5763.04,80,5.06,9975.2,1.73,72.04
MKT-7889,Retargeting Push 2024,Instagram Ads,2024-09-15,2024-10-30,18-24,299335,9851,3.29,3.4,33493.4,215,2.19,27760.8,0.83,155.78
MKT-7890,New Product Drop 2024,Google Ads,2024-09-16,2024-10-23,55+,343231,5971,1.74,3.98,23764.58,234,3.92,8580.78,0.36,101.56
MKT-7891,Holiday Promo 2024,Facebook Ads,2024-09-17,2024-10-05,55+,238954,7976,3.34,3.47,27676.72,405,5.08,79614.9,2.88,68.34
MKT-7892,Brand Awareness 2024,LinkedIn Ads,2024-09-17,2024-10-01,18-24,225434,9079,4.03,1.25,11348.75,558,6.15,51743.34,4.56,20.34
MKT-7893,Flash Sale 2024,Facebook Ads,2024-09-17,2024-09-28,45-54,281819,8256,2.93,0.67,5531.52,557,6.75,31476.07,5.69,9.93
MKT-7894,Flash Sale 2024,Facebook Ads,2024-09-18,2024-10-04,55+,282665,8336,2.95,2.76,23007.36,426,5.11,54204.24,2.36,54.01
MKT-7895,Year-End Clearance 2024,Google Ads,2024-09-18,2024-09-25,18-24,242450,3833,1.58,1.19,4561.27,96,2.53,16128.96,3.54,47.51
MKT-7896,Year-End Clearance 2024,Facebook Ads,2024-09-19,2024-10-24,25-34,438371,17563,4.01,1.02,17914.26,237,1.35,37827.57,2.11,75.59
MKT-7897,Retargeting Push 2024,Facebook Ads,2024-09-19,2024-10-28,45-54,233761,8323,3.56,3.38,28131.74,546,6.56,14802.06,0.53,51.52
MKT-7898,Summer Launch 2024,Google Ads,2024-09-21,2024-10-12,All Ages,445366,17688,3.97,2.34,41389.92,1323,7.48,247678.83,5.98,31.28
MKT-7899,Lead Gen Sprint 2024,LinkedIn Ads,2024-09-22,2024-10-30,25-34,299928,1537,0.51,2.46,3781.02,66,4.35,12820.5,3.39,57.29
MKT-7900,Flash Sale 2024,Google Ads,2024-09-22,2024-10-13,25-34,61992,825,1.33,3.04,2508.0,41,5.03,8310.7,3.31,61.17
MKT-7901,Retargeting Push 2024,Instagram Ads,2024-09-23,2024-10-10,45-54,287949,10952,3.8,1.57,17194.64,383,3.5,42742.8,2.49,44.89
MKT-7902,Flash Sale 2024,TikTok Ads,2024-09-23,2024-11-06,25-34,372380,13763,3.7,3.28,45142.64,1004,7.3,39868.84,0.88,44.96
MKT-7903,Spring Sale 2024,TikTok Ads,2024-09-25,2024-10-08,All Ages,9547,401,4.2,3.19,1279.19,9,2.25,889.92,0.7,142.13
MKT-7904,New Product Drop 2024,Instagram Ads,2024-09-26,2024-10-22,55+,334829,5394,1.61,3.79,20443.26,296,5.5,19547.84,0.96,69.07
MKT-7905,Lead Gen Sprint 2024,Google Ads,2024-09-26,2024-10-06,25-34,227554,3173,1.39,1.87,5933.51,51,1.61,5728.83,0.97,116.34
MKT-7906,Holiday Promo 2024,Instagram Ads,2024-09-26,2024-10-05,35-44,128304,981,0.76,3.57,3502.17,10,1.05,839.7,0.24,350.22
MKT-7907,Brand Awareness 2024,LinkedIn Ads,2024-09-26,2024-10-29,35-44,325613,9443,2.9,2.37,22379.91,358,3.79,77686.0,3.47,62.51
MKT-7908,Spring Sale 2024,LinkedIn Ads,2024-09-27,2024-10-21,35-44,402849,17836,4.43,2.53,45125.08,1287,7.22,164774.61,3.65,35.06
MKT-7909,Flash Sale 2024,TikTok Ads,2024-09-28,2024-10-08,25-34,245819,10132,4.12,2.12,21479.84,841,8.3,45077.6,2.1,25.54
MKT-7910,Back to School 2024,Google Ads,2024-09-29,2024-11-03,18-24,110380,1898,1.72,1.91,3625.18,136,7.18,10593.04,2.92,26.66
MKT-7911,Summer Launch 2024,Instagram Ads,2024-10-01,2024-10-08,18-24,350287,10207,2.91,3.47,35418.29,364,3.57,76090.56,2.15,97.3
MKT-7912,Brand Awareness 2024,Facebook Ads,2024-10-01,2024-10-28,All Ages,343771,11929,3.47,3.21,38292.09,225,1.89,23582.25,0.62,170.19
MKT-7913,Summer Launch 2024,Facebook Ads,2024-10-01,2024-11-09,45-54,336130,7865,2.34,1.66,13055.9,229,2.91,47132.78,3.61,57.01
MKT-7914,New Product Drop 2024,Google Ads,2024-10-02,2024-11-02,18-24,258710,8288,3.2,2.79,23123.52,737,8.9,41316.22,1.79,31.38
MKT-7915,Spring Sale 2024,TikTok Ads,2024-10-03,2024-10-19,45-54,269097,7045,2.62,3.81,26841.45,603,8.57,78685.47,2.93,44.51
MKT-7916,Year-End Clearance 2024,Instagram Ads,2024-10-04,2024-10-18,35-44,216664,4034,1.86,2.73,11012.82,154,3.82,8690.22,0.79,71.51
MKT-7917,New Product Drop 2024,TikTok Ads,2024-10-04,2024-11-04,45-54,63816,1905,2.99,2.65,5048.25,93,4.89,15151.56,3.0,54.28
MKT-7918,New Product Drop 2024,TikTok Ads,2024-10-06,2024-11-13,35-44,262279,10146,3.87,3.09,31351.14,787,7.76,29795.82,0.95,39.84
MKT-7919,Year-End Clearance 2024,Instagram Ads,2024-10-08,2024-11-12,45-54,289855,5726,1.98,2.91,16662.66,113,1.98,24507.44,1.47,147.46
MKT-7920,Summer Launch 2024,Instagram Ads,2024-10-09,2024-11-19,35-44,332063,14730,4.44,1.92,28281.6,1208,8.2,223274.64,7.89,23.41
MKT-7921,Year-End Clearance 2024,Facebook Ads,2024-10-10,2024-11-23,25-34,108646,4761,4.38,1.69,8046.09,113,2.39,7259.12,0.9,71.2
MKT-7922,Back to School 2024,LinkedIn Ads,2024-10-13,2024-11-20,35-44,440119,11474,2.61,2.67,30635.58,700,6.11,143528.0,4.69,43.77
MKT-7923,Spring Sale 2024,Instagram Ads,2024-10-14,2024-10-28,All Ages,221724,6013,2.71,2.06,12386.78,156,2.61,10458.24,0.84,79.4
MKT-7924,New Product Drop 2024,Instagram Ads,2024-10-15,2024-11-27,18-24,238118,8520,3.58,3.35,28542.0,160,1.88,6161.6,0.22,178.39
MKT-7925,Holiday Promo 2024,Instagram Ads,2024-10-16,2024-11-30,35-44,450802,17997,3.99,3.19,57410.43,1409,7.83,227638.04,3.97,40.75
MKT-7926,Flash Sale 2024,TikTok Ads,2024-10-17,2024-11-21,25-34,139467,1020,0.73,0.48,489.6,20,1.98,4273.4,8.73,24.48
MKT-7927,Holiday Promo 2024,Instagram Ads,2024-10-18,2024-11-06,All Ages,116377,1590,1.37,2.2,3498.0,124,7.8,13191.12,3.77,28.21
MKT-7928,Year-End Clearance 2024,Facebook Ads,2024-10-18,2024-11-20,18-24,496330,10339,2.08,0.55,5686.45,191,1.85,5395.75,0.95,29.77
MKT-7929,Retargeting Push 2024,Instagram Ads,2024-10-18,2024-11-17,25-34,487816,19327,3.96,3.34,64552.18,1095,5.67,232895.55,3.61,58.95
MKT-7930,New Product Drop 2024,Google Ads,2024-10-19,2024-11-10,35-44,401448,14188,3.53,1.59,22558.92,642,4.53,40041.54,1.77,35.14
MKT-7931,Lead Gen Sprint 2024,Facebook Ads,2024-10-20,2024-11-23,55+,144883,5598,3.86,0.5,2799.0,69,1.24,14222.28,5.08,40.57
MKT-7932,Retargeting Push 2024,Google Ads,2024-10-21,2024-11-03,18-24,301345,6102,2.02,1.4,8542.8,417,6.83,19302.93,2.26,20.49
MKT-7933,Year-End Clearance 2024,Google Ads,2024-10-21,2024-11-29,25-34,474953,4288,0.9,3.53,15136.64,273,6.37,57821.4,3.82,55.45
MKT-7934,New Product Drop 2024,Facebook Ads,2024-10-22,2024-11-05,45-54,36037,1343,3.73,2.65,3558.95,67,4.99,4654.49,1.31,53.12
MKT-7935,Brand Awareness 2024,TikTok Ads,2024-10-23,2024-11-21,18-24,307087,8441,2.75,3.68,31062.88,264,3.13,7872.48,0.25,117.66
MKT-7936,Holiday Promo 2024,TikTok Ads,2024-10-23,2024-12-03,All Ages,142002,4021,2.83,3.97,15963.37,219,5.45,17607.6,1.1,72.89
MKT-7937,Retargeting Push 2024,LinkedIn Ads,2024-10-24,2024-11-20,35-44,88507,1960,2.21,0.37,725.2,55,2.83,8546.45,11.78,13.19
MKT-7938,New Product Drop 2024,LinkedIn Ads,2024-10-26,2024-11-03,All Ages,55405,596,1.08,0.45,268.2,46,7.74,5268.38,19.64,5.83
MKT-7939,Brand Awareness 2024,LinkedIn Ads,2024-10-27,2024-11-15,35-44,350249,10056,2.87,0.3,3016.8,788,7.84,96860.96,32.11,3.83
MKT-7940,Holiday Promo 2024,Google Ads,2024-10-27,2024-11-26,All Ages,321644,5210,1.62,3.21,16724.1,339,6.52,18634.83,1.11,49.33
MKT-7941,Lead Gen Sprint 2024,Google Ads,2024-10-27,2024-11-26,45-54,105030,2773,2.64,3.63,10065.99,60,2.19,6642.6,0.66,167.77
MKT-7942,Year-End Clearance 2024,LinkedIn Ads,2024-10-27,2024-12-04,35-44,174363,4804,2.76,2.43,11673.72,345,7.2,44246.25,3.79,33.84
MKT-7943,Flash Sale 2024,Google Ads,2024-10-27,2024-12-07,35-44,442973,9470,2.14,0.53,5019.1,633,6.69,28852.14,5.75,7.93
MKT-7944,Holiday Promo 2024,LinkedIn Ads,2024-10-28,2024-12-08,45-54,450009,13660,3.04,2.09,28549.4,697,5.11,128011.02,4.48,40.96
MKT-7945,Year-End Clearance 2024,LinkedIn Ads,2024-10-28,2024-12-05,45-54,150088,5598,3.73,2.85,15954.3,176,3.16,20963.36,1.31,90.65
MKT-7946,Holiday Promo 2024,LinkedIn Ads,2024-10-29,2024-12-12,55+,403473,14192,3.52,0.82,11637.44,958,6.76,200796.8,17.25,12.15
MKT-7947,Summer Launch 2024,LinkedIn Ads,2024-10-30,2024-11-25,18-24,387630,13483,3.48,2.21,29797.43,1197,8.88,132292.44,4.44,24.89
MKT-7948,Back to School 2024,Google Ads,2024-10-30,2024-11-13,All Ages,424502,14645,3.45,1.8,26361.0,1271,8.68,230940.7,8.76,20.74
MKT-7949,Brand Awareness 2024,LinkedIn Ads,2024-10-31,2024-11-11,35-44,234650,8531,3.64,1.1,9384.1,437,5.13,95707.37,10.2,21.47
